File Size,Block Size,Speed,Encryption,Operation,Trial
64,4,5735102.0,LUKS,read,1
64,8,10821524.0,LUKS,read,1
64,16,15972885.0,LUKS,read,1
64,32,12902017.0,LUKS,read,1
64,64,64000000.0,LUKS,read,1
128,4,6727225.0,LUKS,read,1
128,8,4934216.0,LUKS,read,1
128,16,7476717.0,LUKS,read,1
128,32,9795896.0,LUKS,read,1
128,64,11720614.0,LUKS,read,1
128,128,41924383.0,LUKS,read,1
256,4,6398720.0,LUKS,read,1
256,8,6719046.0,LUKS,read,1
256,16,8024634.0,LUKS,read,1
256,32,7314033.0,LUKS,read,1
256,64,12812277.0,LUKS,read,1
256,128,19591792.0,LUKS,read,1
256,256,37275329.0,LUKS,read,1
512,4,8140399.0,LUKS,read,1
512,8,10235583.0,LUKS,read,1
512,16,12499490.0,LUKS,read,1
512,32,7988981.0,LUKS,read,1
512,64,9638369.0,LUKS,read,1
512,128,19557124.0,LUKS,read,1
512,256,15471149.0,LUKS,read,1
512,512,29906870.0,LUKS,read,1
1024,4,5958564.0,LUKS,read,1
1024,8,6402699.0,LUKS,read,1
1024,16,8457895.0,LUKS,read,1
1024,32,8199542.0,LUKS,read,1
1024,64,13472053.0,LUKS,read,1
1024,128,15295157.0,LUKS,read,1
1024,256,6244448.0,LUKS,read,1
1024,512,15295157.0,LUKS,read,1
1024,1024,20088179.0,LUKS,read,1
2048,4,6058611.0,LUKS,read,1
2048,8,8977721.0,LUKS,read,1
2048,16,8713618.0,LUKS,read,1
2048,32,8866519.0,LUKS,read,1
2048,64,7106133.0,LUKS,read,1
2048,128,9179186.0,LUKS,read,1
2048,256,9567698.0,LUKS,read,1
2048,512,12187663.0,LUKS,read,1
2048,1024,12729493.0,LUKS,read,1
2048,2048,12416686.0,LUKS,read,1
4096,4,6272759.0,LUKS,read,1
4096,8,7489679.0,LUKS,read,1
4096,16,8393502.0,LUKS,read,1
4096,32,8328399.0,LUKS,read,1
4096,64,7473388.0,LUKS,read,1
4096,128,8660056.0,LUKS,read,1
4096,256,9846293.0,LUKS,read,1
4096,512,11035332.0,LUKS,read,1
4096,1024,10036109.0,LUKS,read,1
4096,2048,9222577.0,LUKS,read,1
4096,4096,8514134.0,LUKS,read,1
8192,4,5805180.0,LUKS,read,1
8192,8,6244039.0,LUKS,read,1
8192,16,7825383.0,LUKS,read,1
8192,32,8515834.0,LUKS,read,1
8192,64,7968758.0,LUKS,read,1
8192,128,8015231.0,LUKS,read,1
8192,256,9071145.0,LUKS,read,1
8192,512,8819674.0,LUKS,read,1
8192,1024,8086916.0,LUKS,read,1
8192,2048,9030615.0,LUKS,read,1
8192,4096,8192973.0,LUKS,read,1
8192,8192,8532752.0,LUKS,read,1
16384,4,6049885.0,LUKS,read,1
16384,8,6515049.0,LUKS,read,1
16384,16,6792606.0,LUKS,read,1
16384,32,7927213.0,LUKS,read,1
16384,64,9183651.0,LUKS,read,1
16384,128,9067322.0,LUKS,read,1
16384,256,7645006.0,LUKS,read,1
16384,512,6595715.0,LUKS,read,1
16384,1024,8290636.0,LUKS,read,1
16384,2048,8350072.0,LUKS,read,1
16384,4096,7922644.0,LUKS,read,1
16384,8192,7043957.0,LUKS,read,1
16384,16384,7262061.0,LUKS,read,1
32768,64,8700977.0,LUKS,read,1
32768,128,9813699.0,LUKS,read,1
32768,256,10317615.0,LUKS,read,1
32768,512,8799018.0,LUKS,read,1
32768,1024,8196108.0,LUKS,read,1
32768,2048,8902175.0,LUKS,read,1
32768,4096,8790014.0,LUKS,read,1
32768,8192,7243233.0,LUKS,read,1
32768,16384,6894075.0,LUKS,read,1
65536,64,10462449.0,LUKS,read,1
65536,128,10882458.0,LUKS,read,1
65536,256,10208337.0,LUKS,read,1
65536,512,9315745.0,LUKS,read,1
65536,1024,8840562.0,LUKS,read,1
65536,2048,8785183.0,LUKS,read,1
65536,4096,7372779.0,LUKS,read,1
65536,8192,7887275.0,LUKS,read,1
65536,16384,8292491.0,LUKS,read,1
131072,64,10688400.0,LUKS,read,1
131072,128,10783372.0,LUKS,read,1
131072,256,10566983.0,LUKS,read,1
131072,512,10274502.0,LUKS,read,1
131072,1024,8707374.0,LUKS,read,1
131072,2048,7515581.0,LUKS,read,1
131072,4096,7688375.0,LUKS,read,1
131072,8192,8994871.0,LUKS,read,1
131072,16384,6503230.0,LUKS,read,1
262144,64,10056557.0,LUKS,read,1
262144,128,10693682.0,LUKS,read,1
262144,256,11048390.0,LUKS,read,1
262144,512,9623497.0,LUKS,read,1
262144,1024,4290897.0,LUKS,read,1
262144,2048,4262089.0,LUKS,read,1
262144,4096,8098649.0,LUKS,read,1
262144,8192,7608771.0,LUKS,read,1
262144,16384,7104587.0,LUKS,read,1
524288,64,12203249.0,LUKS,read,1
524288,128,11700242.0,LUKS,read,1
524288,256,11524082.0,LUKS,read,1
524288,512,11492223.0,LUKS,read,1
524288,1024,9145913.0,LUKS,read,1
524288,2048,7964162.0,LUKS,read,1
524288,4096,8553654.0,LUKS,read,1
524288,8192,7994767.0,LUKS,read,1
524288,16384,7736860.0,LUKS,read,1
1048576,64,10620201.0,LUKS,read,1
1048576,128,11075418.0,LUKS,read,1
1048576,256,10903910.0,LUKS,read,1
1048576,512,11021960.0,LUKS,read,1
1048576,1024,9065860.0,LUKS,read,1
1048576,2048,8653248.0,LUKS,read,1
1048576,4096,8279520.0,LUKS,read,1
1048576,8192,7936122.0,LUKS,read,1
1048576,16384,7575435.0,LUKS,read,1
64,4,7100397.0,LUKS,read,2
64,8,7100397.0,LUKS,read,2
64,16,7940539.0,LUKS,read,2
64,32,9318832.0,LUKS,read,2
64,64,64000000.0,LUKS,read,2
128,4,6114306.0,LUKS,read,2
128,8,12842051.0,LUKS,read,2
128,16,8036304.0,LUKS,read,2
128,32,12842051.0,LUKS,read,2
128,64,18012359.0,LUKS,read,2
128,128,41924383.0,LUKS,read,2
256,4,6398720.0,LUKS,read,2
256,8,10245071.0,LUKS,read,2
256,16,9114515.0,LUKS,read,2
256,32,6936061.0,LUKS,read,2
256,64,10651598.0,LUKS,read,2
256,128,17096249.0,LUKS,read,2
256,256,51608070.0,LUKS,read,2
512,4,6246213.0,LUKS,read,2
512,8,10434519.0,LUKS,read,2
512,16,10044089.0,LUKS,read,2
512,32,16417355.0,LUKS,read,2
512,64,6246213.0,LUKS,read,2
512,128,11138071.0,LUKS,read,2
512,256,12874162.0,LUKS,read,2
512,512,29906870.0,LUKS,read,2
1024,4,5813392.0,LUKS,read,2
1024,8,7577494.0,LUKS,read,2
1024,16,11249091.0,LUKS,read,2
1024,32,15027577.0,LUKS,read,2
1024,64,8326715.0,LUKS,read,2
1024,128,11936907.0,LUKS,read,2
1024,256,17402221.0,LUKS,read,2
1024,512,13102174.0,LUKS,read,2
1024,1024,16219316.0,LUKS,read,2
2048,4,5785224.0,LUKS,read,2
2048,8,9853037.0,LUKS,read,2
2048,16,8608824.0,LUKS,read,2
2048,32,6990474.0,LUKS,read,2
2048,64,10889797.0,LUKS,read,2
2048,128,11835033.0,LUKS,read,2
2048,256,9944290.0,LUKS,read,2
2048,512,10192069.0,LUKS,read,2
2048,1024,11770166.0,LUKS,read,2
2048,2048,7529708.0,LUKS,read,2
4096,4,6131713.0,LUKS,read,2
4096,8,6955959.0,LUKS,read,2
4096,16,7047267.0,LUKS,read,2
4096,32,6575257.0,LUKS,read,2
4096,64,9019223.0,LUKS,read,2
4096,128,7629374.0,LUKS,read,2
4096,256,9524234.0,LUKS,read,2
4096,512,9503161.0,LUKS,read,2
4096,1024,8426437.0,LUKS,read,2
4096,2048,9353122.0,LUKS,read,2
4096,4096,2196407.0,LUKS,read,2
8192,4,5512724.0,LUKS,read,2
8192,8,6989645.0,LUKS,read,2
8192,16,7961372.0,LUKS,read,2
8192,32,8409538.0,LUKS,read,2
8192,64,9172856.0,LUKS,read,2
8192,128,8688097.0,LUKS,read,2
8192,256,7570215.0,LUKS,read,2
8192,512,8696894.0,LUKS,read,2
8192,1024,6154564.0,LUKS,read,2
8192,2048,7218727.0,LUKS,read,2
8192,4096,8334066.0,LUKS,read,2
8192,8192,2039903.0,LUKS,read,2
16384,4,4241208.0,LUKS,read,2
16384,8,7272051.0,LUKS,read,2
16384,16,3085491.0,LUKS,read,2
16384,32,7440550.0,LUKS,read,2
16384,64,8307675.0,LUKS,read,2
16384,128,7695517.0,LUKS,read,2
16384,256,6875519.0,LUKS,read,2
16384,512,3564139.0,LUKS,read,2
16384,1024,3647374.0,LUKS,read,2
16384,2048,8115381.0,LUKS,read,2
16384,4096,3594527.0,LUKS,read,2
16384,8192,6313339.0,LUKS,read,2
16384,16384,6511962.0,LUKS,read,2
32768,64,8664227.0,LUKS,read,2
32768,128,9109877.0,LUKS,read,2
32768,256,9405377.0,LUKS,read,2
32768,512,9194590.0,LUKS,read,2
32768,1024,5200543.0,LUKS,read,2
32768,2048,8064811.0,LUKS,read,2
32768,4096,7890262.0,LUKS,read,2
32768,8192,6536368.0,LUKS,read,2
32768,16384,6977728.0,LUKS,read,2
65536,64,9295898.0,LUKS,read,2
65536,128,9172440.0,LUKS,read,2
65536,256,10063698.0,LUKS,read,2
65536,512,9407890.0,LUKS,read,2
65536,1024,8490225.0,LUKS,read,2
65536,2048,3541154.0,LUKS,read,2
65536,4096,6231956.0,LUKS,read,2
65536,8192,5242479.0,LUKS,read,2
65536,16384,7079591.0,LUKS,read,2
131072,64,9656052.0,LUKS,read,2
131072,128,8231626.0,LUKS,read,2
131072,256,4980312.0,LUKS,read,2
131072,512,10194670.0,LUKS,read,2
131072,1024,8975633.0,LUKS,read,2
131072,2048,5953487.0,LUKS,read,2
131072,4096,8862197.0,LUKS,read,2
131072,8192,8275241.0,LUKS,read,2
131072,16384,7096479.0,LUKS,read,2
262144,64,10574585.0,LUKS,read,2
262144,128,10950895.0,LUKS,read,2
262144,256,10681838.0,LUKS,read,2
262144,512,10549119.0,LUKS,read,2
262144,1024,8424678.0,LUKS,read,2
262144,2048,8890488.0,LUKS,read,2
262144,4096,8549471.0,LUKS,read,2
262144,8192,8091378.0,LUKS,read,2
262144,16384,7862538.0,LUKS,read,2
524288,64,11363767.0,LUKS,read,2
524288,128,12070620.0,LUKS,read,2
524288,256,12260059.0,LUKS,read,2
524288,512,11351390.0,LUKS,read,2
524288,1024,9486816.0,LUKS,read,2
524288,2048,9370951.0,LUKS,read,2
524288,4096,8761649.0,LUKS,read,2
524288,8192,8907984.0,LUKS,read,2
524288,16384,8177184.0,LUKS,read,2
1048576,64,234537.0,LUKS,read,2
1048576,128,300919.0,LUKS,read,2
1048576,256,321399.0,LUKS,read,2
1048576,512,535555.0,LUKS,read,2
1048576,1024,631657.0,LUKS,read,2
1048576,2048,554953.0,LUKS,read,2
1048576,4096,765667.0,LUKS,read,2
1048576,8192,808389.0,LUKS,read,2
1048576,16384,832811.0,LUKS,read,2
64,4,7100397.0,LUKS,read,3
64,8,10821524.0,LUKS,read,3
64,16,12902017.0,LUKS,read,3
64,32,15972885.0,LUKS,read,3
64,64,55857768.0,LUKS,read,3
128,4,6114306.0,LUKS,read,3
128,8,5847904.0,LUKS,read,3
128,16,9795896.0,LUKS,read,3
128,32,16365173.0,LUKS,read,3
128,64,20804356.0,LUKS,read,3
128,128,60968594.0,LUKS,read,3
256,4,5347168.0,LUKS,read,3
256,8,7314033.0,LUKS,read,3
256,16,8888172.0,LUKS,read,3
256,32,12228612.0,LUKS,read,3
256,64,18259146.0,LUKS,read,3
256,128,18259146.0,LUKS,read,3
256,256,51608070.0,LUKS,read,3
512,4,7334159.0,LUKS,read,3
512,8,7410080.0,LUKS,read,3
512,16,14240069.0,LUKS,read,3
512,32,7871843.0,LUKS,read,3
512,64,7758090.0,LUKS,read,3
512,128,10641343.0,LUKS,read,3
512,256,15037801.0,LUKS,read,3
512,512,34192498.0,LUKS,read,3
1024,4,7472033.0,LUKS,read,3
1024,8,7826025.0,LUKS,read,3
1024,16,11520658.0,LUKS,read,3
1024,32,8542002.0,LUKS,read,3
1024,64,12790037.0,LUKS,read,3
1024,128,11018226.0,LUKS,read,3
1024,256,12828238.0,LUKS,read,3
1024,512,14230902.0,LUKS,read,3
1024,1024,20088179.0,LUKS,read,3
2048,4,6243566.0,LUKS,read,3
2048,8,9308497.0,LUKS,read,3
2048,16,8749118.0,LUKS,read,3
2048,32,6340344.0,LUKS,read,3
2048,64,7262337.0,LUKS,read,3
2048,128,10401883.0,LUKS,read,3
2048,256,12050878.0,LUKS,read,3
2048,512,9708272.0,LUKS,read,3
2048,1024,12786337.0,LUKS,read,3
2048,2048,13058467.0,LUKS,read,3
4096,4,6140479.0,LUKS,read,3
4096,8,8775063.0,LUKS,read,3
4096,16,8865630.0,LUKS,read,3
4096,32,9042961.0,LUKS,read,3
4096,64,9508420.0,LUKS,read,3
4096,128,8209013.0,LUKS,read,3
4096,256,10419583.0,LUKS,read,3
4096,512,9891647.0,LUKS,read,3
4096,1024,9846293.0,LUKS,read,3
4096,2048,7639552.0,LUKS,read,3
4096,4096,9966244.0,LUKS,read,3
8192,4,6354905.0,LUKS,read,3
8192,8,6947247.0,LUKS,read,3
8192,16,7620585.0,LUKS,read,3
8192,32,8992799.0,LUKS,read,3
8192,64,9124139.0,LUKS,read,3
8192,128,9385840.0,LUKS,read,3
8192,256,9728660.0,LUKS,read,3
8192,512,9857043.0,LUKS,read,3
8192,1024,6591409.0,LUKS,read,3
8192,2048,6877717.0,LUKS,read,3
8192,4096,8273861.0,LUKS,read,3
8192,8192,8000301.0,LUKS,read,3
16384,4,6061091.0,LUKS,read,3
16384,8,7973201.0,LUKS,read,3
16384,16,8151964.0,LUKS,read,3
16384,32,9406146.0,LUKS,read,3
16384,64,9923668.0,LUKS,read,3
16384,128,6187150.0,LUKS,read,3
16384,256,10045523.0,LUKS,read,3
16384,512,9966847.0,LUKS,read,3
16384,1024,8581561.0,LUKS,read,3
16384,2048,9183651.0,LUKS,read,3
16384,4096,6593184.0,LUKS,read,3
16384,8192,8668158.0,LUKS,read,3
16384,16384,8368375.0,LUKS,read,3
32768,64,11590589.0,LUKS,read,3
32768,128,11237113.0,LUKS,read,3
32768,256,6005948.0,LUKS,read,3
32768,512,13075967.0,LUKS,read,3
32768,1024,8960212.0,LUKS,read,3
32768,2048,9397017.0,LUKS,read,3
32768,4096,7302889.0,LUKS,read,3
32768,8192,8056774.0,LUKS,read,3
32768,16384,8357082.0,LUKS,read,3
65536,64,12925816.0,LUKS,read,3
65536,128,13295950.0,LUKS,read,3
65536,256,12251751.0,LUKS,read,3
65536,512,13432394.0,LUKS,read,3
65536,1024,9895238.0,LUKS,read,3
65536,2048,9391818.0,LUKS,read,3
65536,4096,7683775.0,LUKS,read,3
65536,8192,8065002.0,LUKS,read,3
65536,16384,7506878.0,LUKS,read,3
131072,64,14524666.0,LUKS,read,3
131072,128,14446422.0,LUKS,read,3
131072,256,13613611.0,LUKS,read,3
131072,512,13339117.0,LUKS,read,3
131072,1024,10705676.0,LUKS,read,3
131072,2048,8436132.0,LUKS,read,3
131072,4096,10213610.0,LUKS,read,3
131072,8192,6292502.0,LUKS,read,3
131072,16384,7284254.0,LUKS,read,3
262144,64,11949939.0,LUKS,read,3
262144,128,12888757.0,LUKS,read,3
262144,256,12832648.0,LUKS,read,3
262144,512,12367708.0,LUKS,read,3
262144,1024,8928897.0,LUKS,read,3
262144,2048,8743366.0,LUKS,read,3
262144,4096,8803854.0,LUKS,read,3
262144,8192,8758898.0,LUKS,read,3
262144,16384,7790064.0,LUKS,read,3
524288,64,2996667.0,LUKS,read,3
524288,128,1185645.0,LUKS,read,3
524288,256,13175787.0,LUKS,read,3
524288,512,11974915.0,LUKS,read,3
524288,1024,9420853.0,LUKS,read,3
524288,2048,9270567.0,LUKS,read,3
524288,4096,8268720.0,LUKS,read,3
524288,8192,7001702.0,LUKS,read,3
524288,16384,7003129.0,LUKS,read,3
1048576,64,254299.0,LUKS,read,3
1048576,128,253701.0,LUKS,read,3
1048576,256,316293.0,LUKS,read,3
1048576,512,457364.0,LUKS,read,3
1048576,1024,642201.0,LUKS,read,3
1048576,2048,680756.0,LUKS,read,3
1048576,4096,707190.0,LUKS,read,3
1048576,8192,715354.0,LUKS,read,3
1048576,16384,740223.0,LUKS,read,3
64,4,460591.0,LUKS,write,1
64,8,1101022.0,LUKS,write,1
64,16,983980.0,LUKS,write,1
64,32,541412.0,LUKS,write,1
64,64,557144.0,LUKS,write,1
128,4,744820.0,LUKS,write,1
128,8,1440082.0,LUKS,write,1
128,16,1802755.0,LUKS,write,1
128,32,1543594.0,LUKS,write,1
128,64,1165070.0,LUKS,write,1
128,128,2132084.0,LUKS,write,1
256,4,1487577.0,LUKS,write,1
256,8,1952947.0,LUKS,write,1
256,16,2533571.0,LUKS,write,1
256,32,2639446.0,LUKS,write,1
256,64,2872459.0,LUKS,write,1
256,128,1718521.0,LUKS,write,1
256,256,2665657.0,LUKS,write,1
512,4,1542947.0,LUKS,write,1
512,8,2246778.0,LUKS,write,1
512,16,2381315.0,LUKS,write,1
512,32,2926501.0,LUKS,write,1
512,64,2891043.0,LUKS,write,1
512,128,3366987.0,LUKS,write,1
512,256,3012719.0,LUKS,write,1
512,512,3122224.0,LUKS,write,1
1024,4,1799462.0,LUKS,write,1
1024,8,2182617.0,LUKS,write,1
1024,16,2968586.0,LUKS,write,1
1024,32,2753527.0,LUKS,write,1
1024,64,3358576.0,LUKS,write,1
1024,128,3495237.0,LUKS,write,1
1024,256,3579719.0,LUKS,write,1
1024,512,2852271.0,LUKS,write,1
1024,1024,2592318.0,LUKS,write,1
2048,4,1929972.0,LUKS,write,1
2048,8,2519185.0,LUKS,write,1
2048,16,3089009.0,LUKS,write,1
2048,32,3006831.0,LUKS,write,1
2048,64,3126106.0,LUKS,write,1
2048,128,2311728.0,LUKS,write,1
2048,256,3841986.0,LUKS,write,1
2048,512,3476572.0,LUKS,write,1
2048,1024,3224685.0,LUKS,write,1
2048,2048,2083011.0,LUKS,write,1
4096,4,1876390.0,LUKS,write,1
4096,8,2627371.0,LUKS,write,1
4096,16,3052133.0,LUKS,write,1
4096,32,3413576.0,LUKS,write,1
4096,64,3421735.0,LUKS,write,1
4096,128,3871253.0,LUKS,write,1
4096,256,3316701.0,LUKS,write,1
4096,512,3736536.0,LUKS,write,1
4096,1024,3676563.0,LUKS,write,1
4096,2048,3740604.0,LUKS,write,1
4096,4096,1747554.0,LUKS,write,1
8192,4,1669422.0,LUKS,write,1
8192,8,2700853.0,LUKS,write,1
8192,16,3231483.0,LUKS,write,1
8192,32,3571028.0,LUKS,write,1
8192,64,3855097.0,LUKS,write,1
8192,128,3322090.0,LUKS,write,1
8192,256,3722290.0,LUKS,write,1
8192,512,3011685.0,LUKS,write,1
8192,1024,3797996.0,LUKS,write,1
8192,2048,3019626.0,LUKS,write,1
8192,4096,3262473.0,LUKS,write,1
8192,8192,1897195.0,LUKS,write,1
16384,4,1607856.0,LUKS,write,1
16384,8,2368346.0,LUKS,write,1
16384,16,2238287.0,LUKS,write,1
16384,32,3541728.0,LUKS,write,1
16384,64,1266349.0,LUKS,write,1
16384,128,3332692.0,LUKS,write,1
16384,256,3568766.0,LUKS,write,1
16384,512,1311470.0,LUKS,write,1
16384,1024,3557865.0,LUKS,write,1
16384,2048,1887596.0,LUKS,write,1
16384,4096,3206873.0,LUKS,write,1
16384,8192,919941.0,LUKS,write,1
16384,16384,2393255.0,LUKS,write,1
32768,64,3470434.0,LUKS,write,1
32768,128,4026476.0,LUKS,write,1
32768,256,3909757.0,LUKS,write,1
32768,512,3683919.0,LUKS,write,1
32768,1024,1600233.0,LUKS,write,1
32768,2048,3837489.0,LUKS,write,1
32768,4096,2202448.0,LUKS,write,1
32768,8192,3113366.0,LUKS,write,1
32768,16384,2510217.0,LUKS,write,1
65536,64,2098964.0,LUKS,write,1
65536,128,3074772.0,LUKS,write,1
65536,256,3760566.0,LUKS,write,1
65536,512,3416168.0,LUKS,write,1
65536,1024,2002741.0,LUKS,write,1
65536,2048,2320843.0,LUKS,write,1
65536,4096,1954259.0,LUKS,write,1
65536,8192,1855755.0,LUKS,write,1
65536,16384,1829241.0,LUKS,write,1
131072,64,2224229.0,LUKS,write,1
131072,128,1682956.0,LUKS,write,1
131072,256,2128239.0,LUKS,write,1
131072,512,1978472.0,LUKS,write,1
131072,1024,2413360.0,LUKS,write,1
131072,2048,2336892.0,LUKS,write,1
131072,4096,2315757.0,LUKS,write,1
131072,8192,1777799.0,LUKS,write,1
131072,16384,1399472.0,LUKS,write,1
262144,64,1134739.0,LUKS,write,1
262144,128,1169039.0,LUKS,write,1
262144,256,1080841.0,LUKS,write,1
262144,512,171680.0,LUKS,write,1
262144,1024,263497.0,LUKS,write,1
262144,2048,880972.0,LUKS,write,1
262144,4096,890292.0,LUKS,write,1
262144,8192,1163516.0,LUKS,write,1
262144,16384,1055300.0,LUKS,write,1
524288,64,39998.0,LUKS,write,1
524288,128,149971.0,LUKS,write,1
524288,256,828893.0,LUKS,write,1
524288,512,838111.0,LUKS,write,1
524288,1024,184704.0,LUKS,write,1
524288,2048,159872.0,LUKS,write,1
524288,4096,579430.0,LUKS,write,1
524288,8192,767887.0,LUKS,write,1
524288,16384,781292.0,LUKS,write,1
1048576,64,338419.0,LUKS,write,1
1048576,128,736864.0,LUKS,write,1
1048576,256,662084.0,LUKS,write,1
1048576,512,70298.0,LUKS,write,1
1048576,1024,102373.0,LUKS,write,1
1048576,2048,112161.0,LUKS,write,1
1048576,4096,79484.0,LUKS,write,1
1048576,8192,502927.0,LUKS,write,1
1048576,16384,697291.0,LUKS,write,1
64,4,913649.0,LUKS,write,2
64,8,1285575.0,LUKS,write,2
64,16,444572.0,LUKS,write,2
64,32,1330167.0,LUKS,write,2
64,64,1143223.0,LUKS,write,2
128,4,876086.0,LUKS,write,2
128,8,1421023.0,LUKS,write,2
128,16,1306873.0,LUKS,write,2
128,32,1065630.0,LUKS,write,2
128,64,1663139.0,LUKS,write,2
128,128,1346196.0,LUKS,write,2
256,4,1561112.0,LUKS,write,2
256,8,2000242.0,LUKS,write,2
256,16,2285501.0,LUKS,write,2
256,32,2435861.0,LUKS,write,2
256,64,1894373.0,LUKS,write,2
256,128,2509882.0,LUKS,write,2
256,256,2030503.0,LUKS,write,2
512,4,1336492.0,LUKS,write,2
512,8,2189509.0,LUKS,write,2
512,16,1764853.0,LUKS,write,2
512,32,3196584.0,LUKS,write,2
512,64,3220553.0,LUKS,write,2
512,128,3510074.0,LUKS,write,2
512,256,3504346.0,LUKS,write,2
512,512,1640796.0,LUKS,write,2
1024,4,1497127.0,LUKS,write,2
1024,8,2343383.0,LUKS,write,2
1024,16,2944166.0,LUKS,write,2
1024,32,3314514.0,LUKS,write,2
1024,64,3631168.0,LUKS,write,2
1024,128,3553066.0,LUKS,write,2
1024,256,3121783.0,LUKS,write,2
1024,512,3377062.0,LUKS,write,2
1024,1024,2311849.0,LUKS,write,2
2048,4,1713940.0,LUKS,write,2
2048,8,2676988.0,LUKS,write,2
2048,16,3084572.0,LUKS,write,2
2048,32,3225896.0,LUKS,write,2
2048,64,3396834.0,LUKS,write,2
2048,128,3779440.0,LUKS,write,2
2048,256,3500658.0,LUKS,write,2
2048,512,2560486.0,LUKS,write,2
2048,1024,3384788.0,LUKS,write,2
2048,2048,2836079.0,LUKS,write,2
4096,4,1888560.0,LUKS,write,2
4096,8,2694963.0,LUKS,write,2
4096,16,3287506.0,LUKS,write,2
4096,32,3489144.0,LUKS,write,2
4096,64,3192806.0,LUKS,write,2
4096,128,3217923.0,LUKS,write,2
4096,256,3733288.0,LUKS,write,2
4096,512,3856480.0,LUKS,write,2
4096,1024,3537277.0,LUKS,write,2
4096,2048,2607037.0,LUKS,write,2
4096,4096,2369047.0,LUKS,write,2
8192,4,1761694.0,LUKS,write,2
8192,8,2801490.0,LUKS,write,2
8192,16,3343751.0,LUKS,write,2
8192,32,3423373.0,LUKS,write,2
8192,64,3915726.0,LUKS,write,2
8192,128,4019714.0,LUKS,write,2
8192,256,3726731.0,LUKS,write,2
8192,512,3667070.0,LUKS,write,2
8192,1024,3489075.0,LUKS,write,2
8192,2048,2245029.0,LUKS,write,2
8192,4096,883538.0,LUKS,write,2
8192,8192,756909.0,LUKS,write,2
16384,4,1213807.0,LUKS,write,2
16384,8,753628.0,LUKS,write,2
16384,16,3175311.0,LUKS,write,2
16384,32,1384613.0,LUKS,write,2
16384,64,3930014.0,LUKS,write,2
16384,128,3966078.0,LUKS,write,2
16384,256,3376081.0,LUKS,write,2
16384,512,3757050.0,LUKS,write,2
16384,1024,3271607.0,LUKS,write,2
16384,2048,1851538.0,LUKS,write,2
16384,4096,1996567.0,LUKS,write,2
16384,8192,3088403.0,LUKS,write,2
16384,16384,1130239.0,LUKS,write,2
32768,64,3274554.0,LUKS,write,2
32768,128,2409949.0,LUKS,write,2
32768,256,2521177.0,LUKS,write,2
32768,512,3766915.0,LUKS,write,2
32768,1024,3520392.0,LUKS,write,2
32768,2048,2139034.0,LUKS,write,2
32768,4096,1512848.0,LUKS,write,2
32768,8192,3400539.0,LUKS,write,2
32768,16384,3229313.0,LUKS,write,2
65536,64,1927468.0,LUKS,write,2
65536,128,2347100.0,LUKS,write,2
65536,256,2271759.0,LUKS,write,2
65536,512,2103606.0,LUKS,write,2
65536,1024,2690428.0,LUKS,write,2
65536,2048,2001881.0,LUKS,write,2
65536,4096,1983120.0,LUKS,write,2
65536,8192,1890068.0,LUKS,write,2
65536,16384,1595902.0,LUKS,write,2
131072,64,1511265.0,LUKS,write,2
131072,128,2169031.0,LUKS,write,2
131072,256,1332599.0,LUKS,write,2
131072,512,1908835.0,LUKS,write,2
131072,1024,1878063.0,LUKS,write,2
131072,2048,1455998.0,LUKS,write,2
131072,4096,2105264.0,LUKS,write,2
131072,8192,1837107.0,LUKS,write,2
131072,16384,1446821.0,LUKS,write,2
262144,64,1090095.0,LUKS,write,2
262144,128,1172950.0,LUKS,write,2
262144,256,760516.0,LUKS,write,2
262144,512,1039239.0,LUKS,write,2
262144,1024,1128786.0,LUKS,write,2
262144,2048,1167850.0,LUKS,write,2
262144,4096,1030497.0,LUKS,write,2
262144,8192,1026976.0,LUKS,write,2
262144,16384,289589.0,LUKS,write,2
524288,64,753670.0,LUKS,write,2
524288,128,878856.0,LUKS,write,2
524288,256,180998.0,LUKS,write,2
524288,512,613958.0,LUKS,write,2
524288,1024,866093.0,LUKS,write,2
524288,2048,49841.0,LUKS,write,2
524288,4096,180448.0,LUKS,write,2
524288,8192,153024.0,LUKS,write,2
524288,16384,789774.0,LUKS,write,2
1048576,64,293155.0,LUKS,write,2
1048576,128,377589.0,LUKS,write,2
1048576,256,602002.0,LUKS,write,2
1048576,512,724560.0,LUKS,write,2
1048576,1024,59929.0,LUKS,write,2
1048576,2048,88913.0,LUKS,write,2
1048576,4096,700845.0,LUKS,write,2
1048576,8192,59602.0,LUKS,write,2
1048576,16384,60851.0,LUKS,write,2
64,4,551422.0,LUKS,write,3
64,8,1105556.0,LUKS,write,3
64,16,1033216.0,LUKS,write,3
64,32,1017549.0,LUKS,write,3
64,64,955947.0,LUKS,write,3
128,4,1349580.0,LUKS,write,3
128,8,1487977.0,LUKS,write,3
128,16,1142750.0,LUKS,write,3
128,32,1852520.0,LUKS,write,3
128,64,2608629.0,LUKS,write,3
128,128,2166499.0,LUKS,write,3
256,4,1241598.0,LUKS,write,3
256,8,2152625.0,LUKS,write,3
256,16,2102055.0,LUKS,write,3
256,32,2458168.0,LUKS,write,3
256,64,2441400.0,LUKS,write,3
256,128,2692393.0,LUKS,write,3
256,256,2747508.0,LUKS,write,3
512,4,1753325.0,LUKS,write,3
512,8,2297251.0,LUKS,write,3
512,16,2587935.0,LUKS,write,3
512,32,2910635.0,LUKS,write,3
512,64,3008498.0,LUKS,write,3
512,128,2845081.0,LUKS,write,3
512,256,2942541.0,LUKS,write,3
512,512,3104171.0,LUKS,write,3
1024,4,1604512.0,LUKS,write,3
1024,8,2619192.0,LUKS,write,3
1024,16,2987168.0,LUKS,write,3
1024,32,3220084.0,LUKS,write,3
1024,64,3401130.0,LUKS,write,3
1024,128,105145.0,LUKS,write,3
1024,256,3324778.0,LUKS,write,3
1024,512,3618930.0,LUKS,write,3
1024,1024,2813041.0,LUKS,write,3
2048,4,1751687.0,LUKS,write,3
2048,8,2599225.0,LUKS,write,3
2048,16,3219850.0,LUKS,write,3
2048,32,2649737.0,LUKS,write,3
2048,64,3857514.0,LUKS,write,3
2048,128,3683812.0,LUKS,write,3
2048,256,2625441.0,LUKS,write,3
2048,512,3266376.0,LUKS,write,3
2048,1024,3555722.0,LUKS,write,3
2048,2048,2964289.0,LUKS,write,3
4096,4,1777753.0,LUKS,write,3
4096,8,2661562.0,LUKS,write,3
4096,16,2150223.0,LUKS,write,3
4096,32,3504089.0,LUKS,write,3
4096,64,3751222.0,LUKS,write,3
4096,128,3849566.0,LUKS,write,3
4096,256,3693955.0,LUKS,write,3
4096,512,3915366.0,LUKS,write,3
4096,1024,3537277.0,LUKS,write,3
4096,2048,3641495.0,LUKS,write,3
4096,4096,535151.0,LUKS,write,3
8192,4,1842562.0,LUKS,write,3
8192,8,2114600.0,LUKS,write,3
8192,16,3123383.0,LUKS,write,3
8192,32,3502234.0,LUKS,write,3
8192,64,3909933.0,LUKS,write,3
8192,128,4065372.0,LUKS,write,3
8192,256,3837016.0,LUKS,write,3
8192,512,3308654.0,LUKS,write,3
8192,1024,3853368.0,LUKS,write,3
8192,2048,3070628.0,LUKS,write,3
8192,4096,3533932.0,LUKS,write,3
8192,8192,2300494.0,LUKS,write,3
16384,4,783888.0,LUKS,write,3
16384,8,1445970.0,LUKS,write,3
16384,16,3401313.0,LUKS,write,3
16384,32,3342256.0,LUKS,write,3
16384,64,4110310.0,LUKS,write,3
16384,128,3496497.0,LUKS,write,3
16384,256,4178541.0,LUKS,write,3
16384,512,3732967.0,LUKS,write,3
16384,1024,3057894.0,LUKS,write,3
16384,2048,2563604.0,LUKS,write,3
16384,4096,3354492.0,LUKS,write,3
16384,8192,3060209.0,LUKS,write,3
16384,16384,840155.0,LUKS,write,3
32768,64,2028355.0,LUKS,write,3
32768,128,4077120.0,LUKS,write,3
32768,256,4077604.0,LUKS,write,3
32768,512,1584533.0,LUKS,write,3
32768,1024,2923623.0,LUKS,write,3
32768,2048,1623790.0,LUKS,write,3
32768,4096,1423886.0,LUKS,write,3
32768,8192,1466581.0,LUKS,write,3
32768,16384,2541926.0,LUKS,write,3
65536,64,2827502.0,LUKS,write,3
65536,128,2026901.0,LUKS,write,3
65536,256,2252178.0,LUKS,write,3
65536,512,2242001.0,LUKS,write,3
65536,1024,2116728.0,LUKS,write,3
65536,2048,2100311.0,LUKS,write,3
65536,4096,2622810.0,LUKS,write,3
65536,8192,2106993.0,LUKS,write,3
65536,16384,1774174.0,LUKS,write,3
131072,64,2023029.0,LUKS,write,3
131072,128,2022285.0,LUKS,write,3
131072,256,2306672.0,LUKS,write,3
131072,512,1886933.0,LUKS,write,3
131072,1024,2203599.0,LUKS,write,3
131072,2048,2497030.0,LUKS,write,3
131072,4096,1806744.0,LUKS,write,3
131072,8192,2042420.0,LUKS,write,3
131072,16384,2005165.0,LUKS,write,3
262144,64,1030545.0,LUKS,write,3
262144,128,1095676.0,LUKS,write,3
262144,256,988610.0,LUKS,write,3
262144,512,1020890.0,LUKS,write,3
262144,1024,973762.0,LUKS,write,3
262144,2048,1053104.0,LUKS,write,3
262144,4096,1030667.0,LUKS,write,3
262144,8192,299740.0,LUKS,write,3
262144,16384,929275.0,LUKS,write,3
524288,64,814272.0,LUKS,write,3
524288,128,393729.0,LUKS,write,3
524288,256,833207.0,LUKS,write,3
524288,512,811425.0,LUKS,write,3
524288,1024,812154.0,LUKS,write,3
524288,2048,166141.0,LUKS,write,3
524288,4096,792507.0,LUKS,write,3
524288,8192,762092.0,LUKS,write,3
524288,16384,760267.0,LUKS,write,3
1048576,64,675017.0,LUKS,write,3
1048576,128,679459.0,LUKS,write,3
1048576,256,107207.0,LUKS,write,3
1048576,512,213062.0,LUKS,write,3
1048576,1024,262798.0,LUKS,write,3
1048576,2048,344566.0,LUKS,write,3
1048576,4096,683373.0,LUKS,write,3
1048576,8192,659594.0,LUKS,write,3
1048576,16384,661257.0,LUKS,write,3
64,4,7100397.0,Unencrypted,read,1
64,8,10821524.0,Unencrypted,read,1
64,16,12902017.0,Unencrypted,read,1
64,32,34389688.0,Unencrypted,read,1
64,64,30484297.0,Unencrypted,read,1
128,4,6812590.0,Unencrypted,read,1
128,8,8036304.0,Unencrypted,read,1
128,16,16365173.0,Unencrypted,read,1
128,32,21643049.0,Unencrypted,read,1
128,64,15881078.0,Unencrypted,read,1
128,128,45475583.0,Unencrypted,read,1
256,4,8534922.0,Unencrypted,read,1
256,8,13454450.0,Unencrypted,read,1
256,16,18259146.0,Unencrypted,read,1
256,32,8815202.0,Unencrypted,read,1
256,64,18259146.0,Unencrypted,read,1
256,128,23441229.0,Unencrypted,read,1
256,256,43286099.0,Unencrypted,read,1
512,4,3963567.0,Unencrypted,read,1
512,8,9510316.0,Unencrypted,read,1
512,16,15930214.0,Unencrypted,read,1
512,32,16417355.0,Unencrypted,read,1
512,64,8140399.0,Unencrypted,read,1
512,128,5509113.0,Unencrypted,read,1
512,256,28328790.0,Unencrypted,read,1
512,512,36518293.0,Unencrypted,read,1
1024,4,6244448.0,Unencrypted,read,1
1024,8,8680108.0,Unencrypted,read,1
1024,16,8914314.0,Unencrypted,read,1
1024,32,7941793.0,Unencrypted,read,1
1024,64,19020633.0,Unencrypted,read,1
1024,128,9743447.0,Unencrypted,read,1
1024,256,16531459.0,Unencrypted,read,1
1024,512,15460328.0,Unencrypted,read,1
1024,1024,18608584.0,Unencrypted,read,1
2048,4,6303124.0,Unencrypted,read,1
2048,8,5640860.0,Unencrypted,read,1
2048,16,13384011.0,Unencrypted,read,1
2048,32,12118884.0,Unencrypted,read,1
2048,64,16122077.0,Unencrypted,read,1
2048,128,10339282.0,Unencrypted,read,1
2048,256,17828628.0,Unencrypted,read,1
2048,512,18600754.0,Unencrypted,read,1
2048,1024,15048789.0,Unencrypted,read,1
2048,2048,17977882.0,Unencrypted,read,1
4096,4,7392988.0,Unencrypted,read,1
4096,8,8944095.0,Unencrypted,read,1
4096,16,12299398.0,Unencrypted,read,1
4096,32,11222762.0,Unencrypted,read,1
4096,64,11508442.0,Unencrypted,read,1
4096,128,9773474.0,Unencrypted,read,1
4096,256,12450933.0,Unencrypted,read,1
4096,512,13658603.0,Unencrypted,read,1
4096,1024,11570449.0,Unencrypted,read,1
4096,2048,10089154.0,Unencrypted,read,1
4096,4096,12569357.0,Unencrypted,read,1
8192,4,6085887.0,Unencrypted,read,1
8192,8,9061576.0,Unencrypted,read,1
8192,16,11554130.0,Unencrypted,read,1
8192,32,11703682.0,Unencrypted,read,1
8192,64,9603578.0,Unencrypted,read,1
8192,128,11869445.0,Unencrypted,read,1
8192,256,12661090.0,Unencrypted,read,1
8192,512,13344594.0,Unencrypted,read,1
8192,1024,10625170.0,Unencrypted,read,1
8192,2048,8568928.0,Unencrypted,read,1
8192,4096,10612044.0,Unencrypted,read,1
8192,8192,635387.0,Unencrypted,read,1
16384,4,6212881.0,Unencrypted,read,1
16384,8,8337915.0,Unencrypted,read,1
16384,16,11586870.0,Unencrypted,read,1
16384,32,10729361.0,Unencrypted,read,1
16384,64,12623425.0,Unencrypted,read,1
16384,128,10310799.0,Unencrypted,read,1
16384,256,13065021.0,Unencrypted,read,1
16384,512,12109573.0,Unencrypted,read,1
16384,1024,10757915.0,Unencrypted,read,1
16384,2048,9498455.0,Unencrypted,read,1
16384,4096,9384309.0,Unencrypted,read,1
16384,8192,9910787.0,Unencrypted,read,1
16384,16384,1119122.0,Unencrypted,read,1
32768,64,13266557.0,Unencrypted,read,1
32768,128,13733175.0,Unencrypted,read,1
32768,256,13123412.0,Unencrypted,read,1
32768,512,11936883.0,Unencrypted,read,1
32768,1024,10412195.0,Unencrypted,read,1
32768,2048,9206909.0,Unencrypted,read,1
32768,4096,9810897.0,Unencrypted,read,1
32768,8192,7275441.0,Unencrypted,read,1
32768,16384,8478230.0,Unencrypted,read,1
65536,64,11926424.0,Unencrypted,read,1
65536,128,10613126.0,Unencrypted,read,1
65536,256,13457383.0,Unencrypted,read,1
65536,512,10710305.0,Unencrypted,read,1
65536,1024,10528168.0,Unencrypted,read,1
65536,2048,10417248.0,Unencrypted,read,1
65536,4096,8786306.0,Unencrypted,read,1
65536,8192,9283967.0,Unencrypted,read,1
65536,16384,6783623.0,Unencrypted,read,1
131072,64,12850224.0,Unencrypted,read,1
131072,128,12942798.0,Unencrypted,read,1
131072,256,12931230.0,Unencrypted,read,1
131072,512,12272758.0,Unencrypted,read,1
131072,1024,9207590.0,Unencrypted,read,1
131072,2048,9703432.0,Unencrypted,read,1
131072,4096,10157375.0,Unencrypted,read,1
131072,8192,9206356.0,Unencrypted,read,1
131072,16384,9381689.0,Unencrypted,read,1
262144,64,11080568.0,Unencrypted,read,1
262144,128,12216550.0,Unencrypted,read,1
262144,256,12220080.0,Unencrypted,read,1
262144,512,11661228.0,Unencrypted,read,1
262144,1024,9244735.0,Unencrypted,read,1
262144,2048,9765120.0,Unencrypted,read,1
262144,4096,8683978.0,Unencrypted,read,1
262144,8192,8816631.0,Unencrypted,read,1
262144,16384,7454679.0,Unencrypted,read,1
524288,64,10742516.0,Unencrypted,read,1
524288,128,11294487.0,Unencrypted,read,1
524288,256,12115509.0,Unencrypted,read,1
524288,512,8497103.0,Unencrypted,read,1
524288,1024,9397543.0,Unencrypted,read,1
524288,2048,9339431.0,Unencrypted,read,1
524288,4096,8593633.0,Unencrypted,read,1
524288,8192,8359467.0,Unencrypted,read,1
524288,16384,7680975.0,Unencrypted,read,1
1048576,64,285422.0,Unencrypted,read,1
1048576,128,289110.0,Unencrypted,read,1
1048576,256,358137.0,Unencrypted,read,1
1048576,512,599885.0,Unencrypted,read,1
1048576,1024,882882.0,Unencrypted,read,1
1048576,2048,959270.0,Unencrypted,read,1
1048576,4096,1011145.0,Unencrypted,read,1
1048576,8192,1023936.0,Unencrypted,read,1
1048576,16384,1096141.0,Unencrypted,read,1
64,4,7293312.0,Unencrypted,read,2
64,8,15972885.0,Unencrypted,read,2
64,16,9318832.0,Unencrypted,read,2
64,32,22737791.0,Unencrypted,read,2
64,64,64000000.0,Unencrypted,read,2
128,4,7082197.0,Unencrypted,read,2
128,8,15881078.0,Unencrypted,read,2
128,16,21643049.0,Unencrypted,read,2
128,32,15881078.0,Unencrypted,read,2
128,64,25804035.0,Unencrypted,read,2
128,128,45475583.0,Unencrypted,read,2
256,4,9114515.0,Unencrypted,read,2
256,8,7735574.0,Unencrypted,read,2
256,16,10245071.0,Unencrypted,read,2
256,32,16072608.0,Unencrypted,read,2
256,64,19591792.0,Unencrypted,read,2
256,128,23441229.0,Unencrypted,read,2
256,256,49241346.0,Unencrypted,read,2
512,4,9681823.0,Unencrypted,read,2
512,8,13438092.0,Unencrypted,read,2
512,16,9145790.0,Unencrypted,read,2
512,32,18385093.0,Unencrypted,read,2
512,64,21303197.0,Unencrypted,read,2
512,128,20490142.0,Unencrypted,read,2
512,256,15583417.0,Unencrypted,read,2
512,512,31671139.0,Unencrypted,read,2
1024,4,6776473.0,Unencrypted,read,2
1024,8,8822754.0,Unencrypted,read,2
1024,16,12944224.0,Unencrypted,read,2
1024,32,11903823.0,Unencrypted,read,2
1024,64,11018226.0,Unencrypted,read,2
1024,128,13142265.0,Unencrypted,read,2
1024,256,19276739.0,Unencrypted,read,2
1024,512,17331995.0,Unencrypted,read,2
1024,1024,14470636.0,Unencrypted,read,2
2048,4,6780783.0,Unencrypted,read,2
2048,8,8830061.0,Unencrypted,read,2
2048,16,9024882.0,Unencrypted,read,2
2048,32,9024882.0,Unencrypted,read,2
2048,64,12118884.0,Unencrypted,read,2
2048,128,10490809.0,Unencrypted,read,2
2048,256,12729493.0,Unencrypted,read,2
2048,512,13384011.0,Unencrypted,read,2
2048,1024,11129659.0,Unencrypted,read,2
2048,2048,11642543.0,Unencrypted,read,2
4096,4,6659365.0,Unencrypted,read,2
4096,8,8712759.0,Unencrypted,read,2
4096,16,10425907.0,Unencrypted,read,2
4096,32,10916131.0,Unencrypted,read,2
4096,64,12299398.0,Unencrypted,read,2
4096,128,13790167.0,Unencrypted,read,2
4096,256,14165392.0,Unencrypted,read,2
4096,512,12450933.0,Unencrypted,read,2
4096,1024,12007129.0,Unencrypted,read,2
4096,2048,13508249.0,Unencrypted,read,2
4096,4096,13166611.0,Unencrypted,read,2
8192,4,6838023.0,Unencrypted,read,2
8192,8,8943642.0,Unencrypted,read,2
8192,16,10721317.0,Unencrypted,read,2
8192,32,10291026.0,Unencrypted,read,2
8192,64,11329356.0,Unencrypted,read,2
8192,128,12031539.0,Unencrypted,read,2
8192,256,10112331.0,Unencrypted,read,2
8192,512,10463389.0,Unencrypted,read,2
8192,1024,10050216.0,Unencrypted,read,2
8192,2048,10266427.0,Unencrypted,read,2
8192,4096,9393538.0,Unencrypted,read,2
8192,8192,9414128.0,Unencrypted,read,2
16384,4,5897753.0,Unencrypted,read,2
16384,8,8030973.0,Unencrypted,read,2
16384,16,10530420.0,Unencrypted,read,2
16384,32,7750195.0,Unencrypted,read,2
16384,64,7949221.0,Unencrypted,read,2
16384,128,11221694.0,Unencrypted,read,2
16384,256,10880555.0,Unencrypted,read,2
16384,512,10851347.0,Unencrypted,read,2
16384,1024,8574066.0,Unencrypted,read,2
16384,2048,7670606.0,Unencrypted,read,2
16384,4096,7798569.0,Unencrypted,read,2
16384,8192,9346021.0,Unencrypted,read,2
16384,16384,8501933.0,Unencrypted,read,2
32768,64,10839200.0,Unencrypted,read,2
32768,128,10141744.0,Unencrypted,read,2
32768,256,11385119.0,Unencrypted,read,2
32768,512,10690808.0,Unencrypted,read,2
32768,1024,8489228.0,Unencrypted,read,2
32768,2048,9314229.0,Unencrypted,read,2
32768,4096,9232886.0,Unencrypted,read,2
32768,8192,8918928.0,Unencrypted,read,2
32768,16384,5771155.0,Unencrypted,read,2
65536,64,7980474.0,Unencrypted,read,2
65536,128,11671203.0,Unencrypted,read,2
65536,256,6319205.0,Unencrypted,read,2
65536,512,8727721.0,Unencrypted,read,2
65536,1024,7603645.0,Unencrypted,read,2
65536,2048,6789823.0,Unencrypted,read,2
65536,4096,7462450.0,Unencrypted,read,2
65536,8192,8533452.0,Unencrypted,read,2
65536,16384,6258204.0,Unencrypted,read,2
131072,64,11478401.0,Unencrypted,read,2
131072,128,9849817.0,Unencrypted,read,2
131072,256,10892766.0,Unencrypted,read,2
131072,512,9980352.0,Unencrypted,read,2
131072,1024,8350661.0,Unencrypted,read,2
131072,2048,9218707.0,Unencrypted,read,2
131072,4096,7578155.0,Unencrypted,read,2
131072,8192,6712377.0,Unencrypted,read,2
131072,16384,8274245.0,Unencrypted,read,2
262144,64,11007466.0,Unencrypted,read,2
262144,128,13354315.0,Unencrypted,read,2
262144,256,11359083.0,Unencrypted,read,2
262144,512,9665712.0,Unencrypted,read,2
262144,1024,8953327.0,Unencrypted,read,2
262144,2048,9280395.0,Unencrypted,read,2
262144,4096,7625129.0,Unencrypted,read,2
262144,8192,8209427.0,Unencrypted,read,2
262144,16384,7067414.0,Unencrypted,read,2
524288,64,11299827.0,Unencrypted,read,2
524288,128,11342081.0,Unencrypted,read,2
524288,256,11234707.0,Unencrypted,read,2
524288,512,11228913.0,Unencrypted,read,2
524288,1024,8828163.0,Unencrypted,read,2
524288,2048,8768251.0,Unencrypted,read,2
524288,4096,7651150.0,Unencrypted,read,2
524288,8192,8007110.0,Unencrypted,read,2
524288,16384,7317642.0,Unencrypted,read,2
1048576,64,11574086.0,Unencrypted,read,2
1048576,128,11578017.0,Unencrypted,read,2
1048576,256,11735734.0,Unencrypted,read,2
1048576,512,11481417.0,Unencrypted,read,2
1048576,1024,8877055.0,Unencrypted,read,2
1048576,2048,8617490.0,Unencrypted,read,2
1048576,4096,8515741.0,Unencrypted,read,2
1048576,8192,7733783.0,Unencrypted,read,2
1048576,16384,7413369.0,Unencrypted,read,2
64,4,952555.0,Unencrypted,read,3
64,8,686877.0,Unencrypted,read,3
64,16,1452528.0,Unencrypted,read,3
64,32,2467108.0,Unencrypted,read,3
64,64,2067979.0,Unencrypted,read,3
128,4,2511022.0,Unencrypted,read,3
128,8,2175277.0,Unencrypted,read,3
128,16,2673584.0,Unencrypted,read,3
128,32,2367096.0,Unencrypted,read,3
128,64,4135958.0,Unencrypted,read,3
128,128,1827299.0,Unencrypted,read,3
256,4,1938842.0,Unencrypted,read,3
256,8,2975955.0,Unencrypted,read,3
256,16,4819184.0,Unencrypted,read,3
256,32,2943325.0,Unencrypted,read,3
256,64,60208.0,Unencrypted,read,3
256,128,4009406.0,Unencrypted,read,3
256,256,5117791.0,Unencrypted,read,3
512,4,2304647.0,Unencrypted,read,3
512,8,3905895.0,Unencrypted,read,3
512,16,5177083.0,Unencrypted,read,3
512,32,6414119.0,Unencrypted,read,3
512,64,3877684.0,Unencrypted,read,3
512,128,4784885.0,Unencrypted,read,3
512,256,4827914.0,Unencrypted,read,3
512,512,4610256.0,Unencrypted,read,3
1024,4,3709575.0,Unencrypted,read,3
1024,8,4654248.0,Unencrypted,read,3
1024,16,6025439.0,Unencrypted,read,3
1024,32,5821271.0,Unencrypted,read,3
1024,64,7160597.0,Unencrypted,read,3
1024,128,5958564.0,Unencrypted,read,3
1024,256,7319232.0,Unencrypted,read,3
1024,512,5660167.0,Unencrypted,read,3
1024,1024,5120336.0,Unencrypted,read,3
2048,4,4423683.0,Unencrypted,read,3
2048,8,4686767.0,Unencrypted,read,3
2048,16,5306340.0,Unencrypted,read,3
2048,32,7042051.0,Unencrypted,read,3
2048,64,7999524.0,Unencrypted,read,3
2048,128,9752360.0,Unencrypted,read,3
2048,256,6303124.0,Unencrypted,read,3
2048,512,4521480.0,Unencrypted,read,3
2048,1024,7477273.0,Unencrypted,read,3
2048,2048,8159088.0,Unencrypted,read,3
4096,4,3637640.0,Unencrypted,read,3
4096,8,5263753.0,Unencrypted,read,3
4096,16,7289472.0,Unencrypted,read,3
4096,32,7237268.0,Unencrypted,read,3
4096,64,8340529.0,Unencrypted,read,3
4096,128,7859742.0,Unencrypted,read,3
4096,256,8328399.0,Unencrypted,read,3
4096,512,7161842.0,Unencrypted,read,3
4096,1024,5978090.0,Unencrypted,read,3
4096,2048,7355007.0,Unencrypted,read,3
4096,4096,6379914.0,Unencrypted,read,3
8192,4,2300494.0,Unencrypted,read,3
8192,8,4447398.0,Unencrypted,read,3
8192,16,6330318.0,Unencrypted,read,3
8192,32,6948652.0,Unencrypted,read,3
8192,64,8358395.0,Unencrypted,read,3
8192,128,7976157.0,Unencrypted,read,3
8192,256,7676771.0,Unencrypted,read,3
8192,512,7474698.0,Unencrypted,read,3
8192,1024,7855798.0,Unencrypted,read,3
8192,2048,7249187.0,Unencrypted,read,3
8192,4096,6429825.0,Unencrypted,read,3
8192,8192,5984134.0,Unencrypted,read,3
16384,4,4147771.0,Unencrypted,read,3
16384,8,4162595.0,Unencrypted,read,3
16384,16,3567099.0,Unencrypted,read,3
16384,32,7656078.0,Unencrypted,read,3
16384,64,7570887.0,Unencrypted,read,3
16384,128,7323979.0,Unencrypted,read,3
16384,256,7758070.0,Unencrypted,read,3
16384,512,4995307.0,Unencrypted,read,3
16384,1024,6654475.0,Unencrypted,read,3
16384,2048,7731883.0,Unencrypted,read,3
16384,4096,3551796.0,Unencrypted,read,3
16384,8192,3939251.0,Unencrypted,read,3
16384,16384,5904340.0,Unencrypted,read,3
32768,64,8498151.0,Unencrypted,read,3
32768,128,6306331.0,Unencrypted,read,3
32768,256,8806347.0,Unencrypted,read,3
32768,512,8582529.0,Unencrypted,read,3
32768,1024,7538003.0,Unencrypted,read,3
32768,2048,7893888.0,Unencrypted,read,3
32768,4096,7665390.0,Unencrypted,read,3
32768,8192,5949015.0,Unencrypted,read,3
32768,16384,1795512.0,Unencrypted,read,3
65536,64,7566806.0,Unencrypted,read,3
65536,128,3152276.0,Unencrypted,read,3
65536,256,7925480.0,Unencrypted,read,3
65536,512,7771321.0,Unencrypted,read,3
65536,1024,7431180.0,Unencrypted,read,3
65536,2048,6468810.0,Unencrypted,read,3
65536,4096,7180567.0,Unencrypted,read,3
65536,8192,4890734.0,Unencrypted,read,3
65536,16384,6125439.0,Unencrypted,read,3
131072,64,6980422.0,Unencrypted,read,3
131072,128,6205773.0,Unencrypted,read,3
131072,256,6612107.0,Unencrypted,read,3
131072,512,5135418.0,Unencrypted,read,3
131072,1024,6263324.0,Unencrypted,read,3
131072,2048,6072582.0,Unencrypted,read,3
131072,4096,4762066.0,Unencrypted,read,3
131072,8192,5412431.0,Unencrypted,read,3
131072,16384,3940455.0,Unencrypted,read,3
262144,64,2118214.0,Unencrypted,read,3
262144,128,1225447.0,Unencrypted,read,3
262144,256,2217688.0,Unencrypted,read,3
262144,512,2366048.0,Unencrypted,read,3
262144,1024,52165.0,Unencrypted,read,3
262144,2048,185137.0,Unencrypted,read,3
262144,4096,2009107.0,Unencrypted,read,3
262144,8192,52235.0,Unencrypted,read,3
262144,16384,2048591.0,Unencrypted,read,3
524288,64,130198.0,Unencrypted,read,3
524288,128,1587803.0,Unencrypted,read,3
524288,256,113976.0,Unencrypted,read,3
524288,512,1626925.0,Unencrypted,read,3
524288,1024,116697.0,Unencrypted,read,3
524288,2048,1584627.0,Unencrypted,read,3
524288,4096,47927.0,Unencrypted,read,3
524288,8192,104436.0,Unencrypted,read,3
524288,16384,112426.0,Unencrypted,read,3
1048576,64,49889.0,Unencrypted,read,3
1048576,128,103592.0,Unencrypted,read,3
1048576,256,90631.0,Unencrypted,read,3
1048576,512,68225.0,Unencrypted,read,3
1048576,1024,70564.0,Unencrypted,read,3
1048576,2048,80161.0,Unencrypted,read,3
1048576,4096,61697.0,Unencrypted,read,3
1048576,8192,557902.0,Unencrypted,read,3
1048576,16384,72519.0,Unencrypted,read,3
64,4,500060.0,Unencrypted,write,1
64,8,1460430.0,Unencrypted,write,1
64,16,1029254.0,Unencrypted,write,1
64,32,1526887.0,Unencrypted,write,1
64,64,1452528.0,Unencrypted,write,1
128,4,1096089.0,Unencrypted,write,1
128,8,1939522.0,Unencrypted,write,1
128,16,1406136.0,Unencrypted,write,1
128,32,2066432.0,Unencrypted,write,1
128,64,1710838.0,Unencrypted,write,1
128,128,2409592.0,Unencrypted,write,1
256,4,1532153.0,Unencrypted,write,1
256,8,2392442.0,Unencrypted,write,1
256,16,2247235.0,Unencrypted,write,1
256,32,3159869.0,Unencrypted,write,1
256,64,1398455.0,Unencrypted,write,1
256,128,1098113.0,Unencrypted,write,1
256,256,2242541.0,Unencrypted,write,1
512,4,1551867.0,Unencrypted,write,1
512,8,2405320.0,Unencrypted,write,1
512,16,2560168.0,Unencrypted,write,1
512,32,2875558.0,Unencrypted,write,1
512,64,3325278.0,Unencrypted,write,1
512,128,3064306.0,Unencrypted,write,1
512,256,3304808.0,Unencrypted,write,1
512,512,2796910.0,Unencrypted,write,1
1024,4,1793451.0,Unencrypted,write,1
1024,8,2398343.0,Unencrypted,write,1
1024,16,2844715.0,Unencrypted,write,1
1024,32,1610528.0,Unencrypted,write,1
1024,64,2365323.0,Unencrypted,write,1
1024,128,3324778.0,Unencrypted,write,1
1024,256,894262.0,Unencrypted,write,1
1024,512,3821805.0,Unencrypted,write,1
1024,1024,2681328.0,Unencrypted,write,1
2048,4,1894223.0,Unencrypted,write,1
2048,8,2659582.0,Unencrypted,write,1
2048,16,3210223.0,Unencrypted,write,1
2048,32,1901351.0,Unencrypted,write,1
2048,64,3835124.0,Unencrypted,write,1
2048,128,4213218.0,Unencrypted,write,1
2048,256,3975338.0,Unencrypted,write,1
2048,512,3612546.0,Unencrypted,write,1
2048,1024,3145567.0,Unencrypted,write,1
2048,2048,2102899.0,Unencrypted,write,1
4096,4,1891888.0,Unencrypted,write,1
4096,8,2792200.0,Unencrypted,write,1
4096,16,3362795.0,Unencrypted,write,1
4096,32,3379997.0,Unencrypted,write,1
4096,64,4016047.0,Unencrypted,write,1
4096,128,3634562.0,Unencrypted,write,1
4096,256,4128976.0,Unencrypted,write,1
4096,512,4059701.0,Unencrypted,write,1
4096,1024,3846119.0,Unencrypted,write,1
4096,2048,3781775.0,Unencrypted,write,1
4096,4096,1501368.0,Unencrypted,write,1
8192,4,1983039.0,Unencrypted,write,1
8192,8,2801719.0,Unencrypted,write,1
8192,16,3447763.0,Unencrypted,write,1
8192,32,3990304.0,Unencrypted,write,1
8192,64,3989841.0,Unencrypted,write,1
8192,128,4291316.0,Unencrypted,write,1
8192,256,4104220.0,Unencrypted,write,1
8192,512,3690307.0,Unencrypted,write,1
8192,1024,3575859.0,Unencrypted,write,1
8192,2048,1683161.0,Unencrypted,write,1
8192,4096,1424899.0,Unencrypted,write,1
8192,8192,3126794.0,Unencrypted,write,1
16384,4,2011293.0,Unencrypted,write,1
16384,8,974083.0,Unencrypted,write,1
16384,16,3464590.0,Unencrypted,write,1
16384,32,3883376.0,Unencrypted,write,1
16384,64,4107362.0,Unencrypted,write,1
16384,128,4248025.0,Unencrypted,write,1
16384,256,4310645.0,Unencrypted,write,1
16384,512,1873496.0,Unencrypted,write,1
16384,1024,3574149.0,Unencrypted,write,1
16384,2048,2243475.0,Unencrypted,write,1
16384,4096,3648924.0,Unencrypted,write,1
16384,8192,3557128.0,Unencrypted,write,1
16384,16384,3185024.0,Unencrypted,write,1
32768,64,2536438.0,Unencrypted,write,1
32768,128,3593757.0,Unencrypted,write,1
32768,256,4412617.0,Unencrypted,write,1
32768,512,1556750.0,Unencrypted,write,1
32768,1024,3785070.0,Unencrypted,write,1
32768,2048,3442703.0,Unencrypted,write,1
32768,4096,3641268.0,Unencrypted,write,1
32768,8192,1294617.0,Unencrypted,write,1
32768,16384,2556014.0,Unencrypted,write,1
65536,64,3218529.0,Unencrypted,write,1
65536,128,2899561.0,Unencrypted,write,1
65536,256,3921739.0,Unencrypted,write,1
65536,512,3787354.0,Unencrypted,write,1
65536,1024,2194181.0,Unencrypted,write,1
65536,2048,2390849.0,Unencrypted,write,1
65536,4096,3903029.0,Unencrypted,write,1
65536,8192,2056225.0,Unencrypted,write,1
65536,16384,2737969.0,Unencrypted,write,1
131072,64,2065068.0,Unencrypted,write,1
131072,128,1832044.0,Unencrypted,write,1
131072,256,2661304.0,Unencrypted,write,1
131072,512,1943707.0,Unencrypted,write,1
131072,1024,2148542.0,Unencrypted,write,1
131072,2048,2336733.0,Unencrypted,write,1
131072,4096,2235308.0,Unencrypted,write,1
131072,8192,2103854.0,Unencrypted,write,1
131072,16384,1866826.0,Unencrypted,write,1
262144,64,578709.0,Unencrypted,write,1
262144,128,384062.0,Unencrypted,write,1
262144,256,1607377.0,Unencrypted,write,1
262144,512,1751328.0,Unencrypted,write,1
262144,1024,1472132.0,Unencrypted,write,1
262144,2048,1637767.0,Unencrypted,write,1
262144,4096,1515203.0,Unencrypted,write,1
262144,8192,1360726.0,Unencrypted,write,1
262144,16384,1457983.0,Unencrypted,write,1
524288,64,502999.0,Unencrypted,write,1
524288,128,813210.0,Unencrypted,write,1
524288,256,1365169.0,Unencrypted,write,1
524288,512,489736.0,Unencrypted,write,1
524288,1024,1236298.0,Unencrypted,write,1
524288,2048,162516.0,Unencrypted,write,1
524288,4096,140099.0,Unencrypted,write,1
524288,8192,1201836.0,Unencrypted,write,1
524288,16384,1248236.0,Unencrypted,write,1
1048576,64,135041.0,Unencrypted,write,1
1048576,128,959415.0,Unencrypted,write,1
1048576,256,1148724.0,Unencrypted,write,1
1048576,512,1123828.0,Unencrypted,write,1
1048576,1024,291936.0,Unencrypted,write,1
1048576,2048,1090054.0,Unencrypted,write,1
1048576,4096,977015.0,Unencrypted,write,1
1048576,8192,63815.0,Unencrypted,write,1
1048576,16384,69064.0,Unencrypted,write,1
64,4,334788.0,Unencrypted,write,2
64,8,929467.0,Unencrypted,write,2
64,16,1484662.0,Unencrypted,write,2
64,32,43564.0,Unencrypted,write,2
64,64,725882.0,Unencrypted,write,2
128,4,628061.0,Unencrypted,write,2
128,8,1504659.0,Unencrypted,write,2
128,16,1155043.0,Unencrypted,write,2
128,32,978253.0,Unencrypted,write,2
128,64,1349580.0,Unencrypted,write,2
128,128,1911894.0,Unencrypted,write,2
256,4,1023775.0,Unencrypted,write,2
256,8,1704877.0,Unencrypted,write,2
256,16,1743637.0,Unencrypted,write,2
256,32,1981783.0,Unencrypted,write,2
256,64,204607.0,Unencrypted,write,2
256,128,1718521.0,Unencrypted,write,2
256,256,44116.0,Unencrypted,write,2
512,4,1289930.0,Unencrypted,write,2
512,8,2207515.0,Unencrypted,write,2
512,16,2975154.0,Unencrypted,write,2
512,32,2317080.0,Unencrypted,write,2
512,64,3140488.0,Unencrypted,write,2
512,128,2782414.0,Unencrypted,write,2
512,256,225841.0,Unencrypted,write,2
512,512,1766304.0,Unencrypted,write,2
1024,4,1387350.0,Unencrypted,write,2
1024,8,2625597.0,Unencrypted,write,2
1024,16,3029305.0,Unencrypted,write,2
1024,32,2767722.0,Unencrypted,write,2
1024,64,3908759.0,Unencrypted,write,2
1024,128,3066069.0,Unencrypted,write,2
1024,256,2064088.0,Unencrypted,write,2
1024,512,3821805.0,Unencrypted,write,2
1024,1024,1855433.0,Unencrypted,write,2
2048,4,1384623.0,Unencrypted,write,2
2048,8,2559723.0,Unencrypted,write,2
2048,16,2547576.0,Unencrypted,write,2
2048,32,3025897.0,Unencrypted,write,2
2048,64,3189957.0,Unencrypted,write,2
2048,128,4358590.0,Unencrypted,write,2
2048,256,2509617.0,Unencrypted,write,2
2048,512,3717289.0,Unencrypted,write,2
2048,1024,4112366.0,Unencrypted,write,2
2048,2048,385323.0,Unencrypted,write,2
4096,4,1571261.0,Unencrypted,write,2
4096,8,2773270.0,Unencrypted,write,2
4096,16,3100608.0,Unencrypted,write,2
4096,32,3531460.0,Unencrypted,write,2
4096,64,3686029.0,Unencrypted,write,2
4096,128,3896717.0,Unencrypted,write,2
4096,256,4248440.0,Unencrypted,write,2
4096,512,3806915.0,Unencrypted,write,2
4096,1024,1169907.0,Unencrypted,write,2
4096,2048,3237937.0,Unencrypted,write,2
4096,4096,1713735.0,Unencrypted,write,2
8192,4,1601195.0,Unencrypted,write,2
8192,8,2804463.0,Unencrypted,write,2
8192,16,3276785.0,Unencrypted,write,2
8192,32,3811901.0,Unencrypted,write,2
8192,64,4065372.0,Unencrypted,write,2
8192,128,1989238.0,Unencrypted,write,2
8192,256,4207243.0,Unencrypted,write,2
8192,512,3701837.0,Unencrypted,write,2
8192,1024,4059608.0,Unencrypted,write,2
8192,2048,4177574.0,Unencrypted,write,2
8192,4096,2267998.0,Unencrypted,write,2
8192,8192,1809568.0,Unencrypted,write,2
16384,4,732774.0,Unencrypted,write,2
16384,8,1949278.0,Unencrypted,write,2
16384,16,3396438.0,Unencrypted,write,2
16384,32,2561215.0,Unencrypted,write,2
16384,64,3331400.0,Unencrypted,write,2
16384,128,2636991.0,Unencrypted,write,2
16384,256,3890631.0,Unencrypted,write,2
16384,512,2114653.0,Unencrypted,write,2
16384,1024,4020609.0,Unencrypted,write,2
16384,2048,1789811.0,Unencrypted,write,2
16384,4096,2943042.0,Unencrypted,write,2
16384,8192,2046452.0,Unencrypted,write,2
16384,16384,823354.0,Unencrypted,write,2
32768,64,1171659.0,Unencrypted,write,2
32768,128,3822228.0,Unencrypted,write,2
32768,256,3822228.0,Unencrypted,write,2
32768,512,1608869.0,Unencrypted,write,2
32768,1024,3819997.0,Unencrypted,write,2
32768,2048,3880614.0,Unencrypted,write,2
32768,4096,3023174.0,Unencrypted,write,2
32768,8192,2723191.0,Unencrypted,write,2
32768,16384,1942166.0,Unencrypted,write,2
65536,64,2064782.0,Unencrypted,write,2
65536,128,2050183.0,Unencrypted,write,2
65536,256,3780323.0,Unencrypted,write,2
65536,512,1479502.0,Unencrypted,write,2
65536,1024,1858327.0,Unencrypted,write,2
65536,2048,2043644.0,Unencrypted,write,2
65536,4096,1373573.0,Unencrypted,write,2
65536,8192,1478571.0,Unencrypted,write,2
65536,16384,1569728.0,Unencrypted,write,2
131072,64,1629375.0,Unencrypted,write,2
131072,128,2567119.0,Unencrypted,write,2
131072,256,2455825.0,Unencrypted,write,2
131072,512,2623171.0,Unencrypted,write,2
131072,1024,2651830.0,Unencrypted,write,2
131072,2048,2492242.0,Unencrypted,write,2
131072,4096,2344966.0,Unencrypted,write,2
131072,8192,2246039.0,Unencrypted,write,2
131072,16384,2148509.0,Unencrypted,write,2
262144,64,1182367.0,Unencrypted,write,2
262144,128,484162.0,Unencrypted,write,2
262144,256,1554550.0,Unencrypted,write,2
262144,512,1855218.0,Unencrypted,write,2
262144,1024,1869613.0,Unencrypted,write,2
262144,2048,1934983.0,Unencrypted,write,2
262144,4096,2118899.0,Unencrypted,write,2
262144,8192,630745.0,Unencrypted,write,2
262144,16384,1513691.0,Unencrypted,write,2
524288,64,1139486.0,Unencrypted,write,2
524288,128,204361.0,Unencrypted,write,2
524288,256,138582.0,Unencrypted,write,2
524288,512,1279100.0,Unencrypted,write,2
524288,1024,1279806.0,Unencrypted,write,2
524288,2048,215343.0,Unencrypted,write,2
524288,4096,1268669.0,Unencrypted,write,2
524288,8192,1184069.0,Unencrypted,write,2
524288,16384,776788.0,Unencrypted,write,2
1048576,64,94704.0,Unencrypted,write,2
1048576,128,553442.0,Unencrypted,write,2
1048576,256,1104278.0,Unencrypted,write,2
1048576,512,944495.0,Unencrypted,write,2
1048576,1024,86164.0,Unencrypted,write,2
1048576,2048,1219779.0,Unencrypted,write,2
1048576,4096,1147404.0,Unencrypted,write,2
1048576,8192,740693.0,Unencrypted,write,2
1048576,16384,1107326.0,Unencrypted,write,2
64,4,1049372.0,Unencrypted,write,3
64,8,969761.0,Unencrypted,write,3
64,16,1518251.0,Unencrypted,write,3
64,32,842003.0,Unencrypted,write,3
64,64,1421755.0,Unencrypted,write,3
128,4,650117.0,Unencrypted,write,3
128,8,1102844.0,Unencrypted,write,3
128,16,1436229.0,Unencrypted,write,3
128,32,1561553.0,Unencrypted,write,3
128,64,2286447.0,Unencrypted,write,3
128,128,780556.0,Unencrypted,write,3
256,4,1471270.0,Unencrypted,write,3
256,8,2065659.0,Unencrypted,write,3
256,16,1897721.0,Unencrypted,write,3
256,32,2665657.0,Unencrypted,write,3
256,64,2135500.0,Unencrypted,write,3
256,128,2812272.0,Unencrypted,write,3
256,256,2588541.0,Unencrypted,write,3
512,4,1657257.0,Unencrypted,write,3
512,8,2381315.0,Unencrypted,write,3
512,16,2739816.0,Unencrypted,write,3
512,32,2975154.0,Unencrypted,write,3
512,64,3634839.0,Unencrypted,write,3
512,128,3064306.0,Unencrypted,write,3
512,256,3284589.0,Unencrypted,write,3
512,512,1869318.0,Unencrypted,write,3
1024,4,1347311.0,Unencrypted,write,3
1024,8,2547723.0,Unencrypted,write,3
1024,16,2744728.0,Unencrypted,write,3
1024,32,2716948.0,Unencrypted,write,3
1024,64,3684119.0,Unencrypted,write,3
1024,128,3808251.0,Unencrypted,write,3
1024,256,3229770.0,Unencrypted,write,3
1024,512,2708381.0,Unencrypted,write,3
1024,1024,2646630.0,Unencrypted,write,3
2048,4,1771922.0,Unencrypted,write,3
2048,8,2506688.0,Unencrypted,write,3
2048,16,3476572.0,Unencrypted,write,3
2048,32,3038742.0,Unencrypted,write,3
2048,64,2752473.0,Unencrypted,write,3
2048,128,3690142.0,Unencrypted,write,3
2048,256,3855782.0,Unencrypted,write,3
2048,512,1712231.0,Unencrypted,write,3
2048,1024,3465352.0,Unencrypted,write,3
2048,2048,3111386.0,Unencrypted,write,3
4096,4,1695972.0,Unencrypted,write,3
4096,8,2460310.0,Unencrypted,write,3
4096,16,3003050.0,Unencrypted,write,3
4096,32,3433360.0,Unencrypted,write,3
4096,64,3628421.0,Unencrypted,write,3
4096,128,3589754.0,Unencrypted,write,3
4096,256,637594.0,Unencrypted,write,3
4096,512,4078979.0,Unencrypted,write,3
4096,1024,3747131.0,Unencrypted,write,3
4096,2048,3527834.0,Unencrypted,write,3
4096,4096,2730514.0,Unencrypted,write,3
8192,4,1337641.0,Unencrypted,write,3
8192,8,2715153.0,Unencrypted,write,3
8192,16,3234221.0,Unencrypted,write,3
8192,32,3594563.0,Unencrypted,write,3
8192,64,4188268.0,Unencrypted,write,3
8192,128,4114541.0,Unencrypted,write,3
8192,256,4095903.0,Unencrypted,write,3
8192,512,3980596.0,Unencrypted,write,3
8192,1024,4009863.0,Unencrypted,write,3
8192,2048,3459566.0,Unencrypted,write,3
8192,4096,1703776.0,Unencrypted,write,3
8192,8192,2802633.0,Unencrypted,write,3
16384,4,765968.0,Unencrypted,write,3
16384,8,2923137.0,Unencrypted,write,3
16384,16,3550145.0,Unencrypted,write,3
16384,32,3908556.0,Unencrypted,write,3
16384,64,3931813.0,Unencrypted,write,3
16384,128,4363195.0,Unencrypted,write,3
16384,256,4314976.0,Unencrypted,write,3
16384,512,4117452.0,Unencrypted,write,3
16384,1024,4098054.0,Unencrypted,write,3
16384,2048,3564139.0,Unencrypted,write,3
16384,4096,1318642.0,Unencrypted,write,3
16384,8192,2011529.0,Unencrypted,write,3
16384,16384,1059018.0,Unencrypted,write,3
32768,64,1536526.0,Unencrypted,write,3
32768,128,4110409.0,Unencrypted,write,3
32768,256,3611605.0,Unencrypted,write,3
32768,512,1552319.0,Unencrypted,write,3
32768,1024,3153223.0,Unencrypted,write,3
32768,2048,3110688.0,Unencrypted,write,3
32768,4096,3800456.0,Unencrypted,write,3
32768,8192,2608701.0,Unencrypted,write,3
32768,16384,3133311.0,Unencrypted,write,3
65536,64,2919208.0,Unencrypted,write,3
65536,128,1944622.0,Unencrypted,write,3
65536,256,2313966.0,Unencrypted,write,3
65536,512,3506104.0,Unencrypted,write,3
65536,1024,2924674.0,Unencrypted,write,3
65536,2048,1995197.0,Unencrypted,write,3
65536,4096,2279993.0,Unencrypted,write,3
65536,8192,2617565.0,Unencrypted,write,3
65536,16384,1873744.0,Unencrypted,write,3
131072,64,2175546.0,Unencrypted,write,3
131072,128,2734548.0,Unencrypted,write,3
131072,256,2254882.0,Unencrypted,write,3
131072,512,2271729.0,Unencrypted,write,3
131072,1024,1983533.0,Unencrypted,write,3
131072,2048,2021653.0,Unencrypted,write,3
131072,4096,1906585.0,Unencrypted,write,3
131072,8192,1663201.0,Unencrypted,write,3
131072,16384,1446726.0,Unencrypted,write,3
262144,64,1292725.0,Unencrypted,write,3
262144,128,1536680.0,Unencrypted,write,3
262144,256,1338138.0,Unencrypted,write,3
262144,512,1471974.0,Unencrypted,write,3
262144,1024,60290.0,Unencrypted,write,3
262144,2048,191684.0,Unencrypted,write,3
262144,4096,1159795.0,Unencrypted,write,3
262144,8192,1067917.0,Unencrypted,write,3
262144,16384,1202501.0,Unencrypted,write,3
524288,64,1132317.0,Unencrypted,write,3
524288,128,1294062.0,Unencrypted,write,3
524288,256,105418.0,Unencrypted,write,3
524288,512,1286804.0,Unencrypted,write,3
524288,1024,111936.0,Unencrypted,write,3
524288,2048,1250483.0,Unencrypted,write,3
524288,4096,207689.0,Unencrypted,write,3
524288,8192,1122391.0,Unencrypted,write,3
524288,16384,147833.0,Unencrypted,write,3
1048576,64,1058242.0,Unencrypted,write,3
1048576,128,65309.0,Unencrypted,write,3
1048576,256,231327.0,Unencrypted,write,3
1048576,512,67615.0,Unencrypted,write,3
1048576,1024,1030042.0,Unencrypted,write,3
1048576,2048,197485.0,Unencrypted,write,3
1048576,4096,1000302.0,Unencrypted,write,3
1048576,8192,792187.0,Unencrypted,write,3
1048576,16384,107965.0,Unencrypted,write,3
64,4,7940539.0,Veracrypt,read,1
64,8,10821524.0,Veracrypt,read,1
64,16,15972885.0,Veracrypt,read,1
64,32,20962191.0,Veracrypt,read,1
64,64,34389688.0,Veracrypt,read,1
128,4,9129573.0,Veracrypt,read,1
128,8,14200794.0,Veracrypt,read,1
128,16,15881078.0,Veracrypt,read,1
128,32,15881078.0,Veracrypt,read,1
128,64,21643049.0,Veracrypt,read,1
128,128,45475583.0,Veracrypt,read,1
256,4,7518900.0,Veracrypt,read,1
256,8,12228612.0,Veracrypt,read,1
256,16,11207494.0,Veracrypt,read,1
256,32,12812277.0,Veracrypt,read,1
256,64,17096249.0,Veracrypt,read,1
256,128,22940409.0,Veracrypt,read,1
256,256,43286099.0,Veracrypt,read,1
512,4,5684095.0,Veracrypt,read,1
512,8,8234036.0,Veracrypt,read,1
512,16,12797441.0,Veracrypt,read,1
512,32,17069844.0,Veracrypt,read,1
512,64,13872122.0,Veracrypt,read,1
512,128,13109944.0,Veracrypt,read,1
512,256,16049269.0,Veracrypt,read,1
512,512,46882458.0,Veracrypt,read,1
1024,4,6650556.0,Veracrypt,read,1
1024,8,9220512.0,Veracrypt,read,1
1024,16,15080341.0,Veracrypt,read,1
1024,32,12348754.0,Veracrypt,read,1
1024,64,12037272.0,Veracrypt,read,1
1024,128,18936769.0,Veracrypt,read,1
1024,256,16789959.0,Veracrypt,read,1
1024,512,19020633.0,Veracrypt,read,1
1024,1024,18291580.0,Veracrypt,read,1
2048,4,7343043.0,Veracrypt,read,1
2048,8,11456214.0,Veracrypt,read,1
2048,16,12862925.0,Veracrypt,read,1
2048,32,12635867.0,Veracrypt,read,1
2048,64,13138359.0,Veracrypt,read,1
2048,128,13639023.0,Veracrypt,read,1
2048,256,11770166.0,Veracrypt,read,1
2048,512,16001943.0,Veracrypt,read,1
2048,1024,12959958.0,Veracrypt,read,1
2048,2048,16915790.0,Veracrypt,read,1
4096,4,7158858.0,Veracrypt,read,1
4096,8,9707206.0,Veracrypt,read,1
4096,16,10888456.0,Veracrypt,read,1
4096,32,10239486.0,Veracrypt,read,1
4096,64,12379160.0,Veracrypt,read,1
4096,128,14378797.0,Veracrypt,read,1
4096,256,14283162.0,Veracrypt,read,1
4096,512,14271297.0,Veracrypt,read,1
4096,1024,11940367.0,Veracrypt,read,1
4096,2048,12299398.0,Veracrypt,read,1
4096,4096,9663524.0,Veracrypt,read,1
8192,4,6277120.0,Veracrypt,read,1
8192,8,9513174.0,Veracrypt,read,1
8192,16,11735662.0,Veracrypt,read,1
8192,32,12468128.0,Veracrypt,read,1
8192,64,12698523.0,Veracrypt,read,1
8192,128,13365357.0,Veracrypt,read,1
8192,256,13906289.0,Veracrypt,read,1
8192,512,12432038.0,Veracrypt,read,1
8192,1024,10877445.0,Veracrypt,read,1
8192,2048,11098803.0,Veracrypt,read,1
8192,4096,9954134.0,Veracrypt,read,1
8192,8192,10582628.0,Veracrypt,read,1
16384,4,6427904.0,Veracrypt,read,1
16384,8,9728392.0,Veracrypt,read,1
16384,16,10045523.0,Veracrypt,read,1
16384,32,8135557.0,Veracrypt,read,1
16384,64,12003809.0,Veracrypt,read,1
16384,128,12672310.0,Veracrypt,read,1
16384,256,12790240.0,Veracrypt,read,1
16384,512,13097393.0,Veracrypt,read,1
16384,1024,9042267.0,Veracrypt,read,1
16384,2048,10865073.0,Veracrypt,read,1
16384,4096,4238853.0,Veracrypt,read,1
16384,8192,9769885.0,Veracrypt,read,1
16384,16384,9557904.0,Veracrypt,read,1
32768,64,12885941.0,Veracrypt,read,1
32768,128,13271681.0,Veracrypt,read,1
32768,256,11397393.0,Veracrypt,read,1
32768,512,13059814.0,Veracrypt,read,1
32768,1024,8595948.0,Veracrypt,read,1
32768,2048,10832365.0,Veracrypt,read,1
32768,4096,10069668.0,Veracrypt,read,1
32768,8192,5734793.0,Veracrypt,read,1
32768,16384,7184169.0,Veracrypt,read,1
65536,64,12161229.0,Veracrypt,read,1
65536,128,11106265.0,Veracrypt,read,1
65536,256,13922940.0,Veracrypt,read,1
65536,512,11564649.0,Veracrypt,read,1
65536,1024,10971941.0,Veracrypt,read,1
65536,2048,9323645.0,Veracrypt,read,1
65536,4096,9028432.0,Veracrypt,read,1
65536,8192,8316829.0,Veracrypt,read,1
65536,16384,9190227.0,Veracrypt,read,1
131072,64,13017269.0,Veracrypt,read,1
131072,128,12782698.0,Veracrypt,read,1
131072,256,10949172.0,Veracrypt,read,1
131072,512,9555518.0,Veracrypt,read,1
131072,1024,9289270.0,Veracrypt,read,1
131072,2048,7494986.0,Veracrypt,read,1
131072,4096,7517328.0,Veracrypt,read,1
131072,8192,6963711.0,Veracrypt,read,1
131072,16384,6934286.0,Veracrypt,read,1
262144,64,8668232.0,Veracrypt,read,1
262144,128,11396523.0,Veracrypt,read,1
262144,256,9859870.0,Veracrypt,read,1
262144,512,11064178.0,Veracrypt,read,1
262144,1024,8483571.0,Veracrypt,read,1
262144,2048,8721520.0,Veracrypt,read,1
262144,4096,8488024.0,Veracrypt,read,1
262144,8192,7753697.0,Veracrypt,read,1
262144,16384,7048612.0,Veracrypt,read,1
524288,64,10670995.0,Veracrypt,read,1
524288,128,12334743.0,Veracrypt,read,1
524288,256,11479684.0,Veracrypt,read,1
524288,512,10889768.0,Veracrypt,read,1
524288,1024,7985129.0,Veracrypt,read,1
524288,2048,8329166.0,Veracrypt,read,1
524288,4096,8485823.0,Veracrypt,read,1
524288,8192,6862216.0,Veracrypt,read,1
524288,16384,8016012.0,Veracrypt,read,1
1048576,64,256540.0,Veracrypt,read,1
1048576,128,252931.0,Veracrypt,read,1
1048576,256,311589.0,Veracrypt,read,1
1048576,512,477138.0,Veracrypt,read,1
1048576,1024,629908.0,Veracrypt,read,1
1048576,2048,694574.0,Veracrypt,read,1
1048576,4096,697595.0,Veracrypt,read,1
1048576,8192,717803.0,Veracrypt,read,1
1048576,16384,731975.0,Veracrypt,read,1
64,4,7100397.0,Veracrypt,read,2
64,8,7940539.0,Veracrypt,read,2
64,16,10402178.0,Veracrypt,read,2
64,32,2923952.0,Veracrypt,read,2
64,64,34389688.0,Veracrypt,read,2
128,4,6727225.0,Veracrypt,read,2
128,8,10567140.0,Veracrypt,read,2
128,16,10779307.0,Veracrypt,read,2
128,32,12842051.0,Veracrypt,read,2
128,64,18637664.0,Veracrypt,read,2
128,128,41924383.0,Veracrypt,read,2
256,4,6398720.0,Veracrypt,read,2
256,8,8271916.0,Veracrypt,read,2
256,16,9868433.0,Veracrypt,read,2
256,32,7735574.0,Veracrypt,read,2
256,64,13454450.0,Veracrypt,read,2
256,128,21134280.0,Veracrypt,read,2
256,256,43286099.0,Veracrypt,read,2
512,4,6931711.0,Veracrypt,read,2
512,8,8665997.0,Veracrypt,read,2
512,16,11683444.0,Veracrypt,read,2
512,32,13522711.0,Veracrypt,read,2
512,64,17069844.0,Veracrypt,read,2
512,128,11374040.0,Veracrypt,read,2
512,256,28328790.0,Veracrypt,read,2
512,512,34192498.0,Veracrypt,read,2
1024,4,7869040.0,Veracrypt,read,2
1024,8,8061038.0,Veracrypt,read,2
1024,16,11903823.0,Veracrypt,read,2
1024,32,10454984.0,Veracrypt,read,2
1024,64,15080341.0,Veracrypt,read,2
1024,128,13643232.0,Veracrypt,read,2
1024,256,16531459.0,Veracrypt,read,2
1024,512,23754601.0,Veracrypt,read,2
1024,1024,21388672.0,Veracrypt,read,2
2048,4,6114678.0,Veracrypt,read,2
2048,8,9024882.0,Veracrypt,read,2
2048,16,10889797.0,Veracrypt,read,2
2048,32,14040298.0,Veracrypt,read,2
2048,64,5433896.0,Veracrypt,read,2
2048,128,12204980.0,Veracrypt,read,2
2048,256,9140117.0,Veracrypt,read,2
2048,512,12882215.0,Veracrypt,read,2
2048,1024,9268323.0,Veracrypt,read,2
2048,2048,9808036.0,Veracrypt,read,2
4096,4,7209932.0,Veracrypt,read,2
4096,8,8224733.0,Veracrypt,read,2
4096,16,11106675.0,Veracrypt,read,2
4096,32,11539362.0,Veracrypt,read,2
4096,64,11193514.0,Veracrypt,read,2
4096,128,9440496.0,Veracrypt,read,2
4096,256,12919082.0,Veracrypt,read,2
4096,512,14118827.0,Veracrypt,read,2
4096,1024,11042425.0,Veracrypt,read,2
4096,2048,12308209.0,Veracrypt,read,2
4096,4096,310679.0,Veracrypt,read,2
8192,4,6638529.0,Veracrypt,read,2
8192,8,8622688.0,Veracrypt,read,2
8192,16,10651521.0,Veracrypt,read,2
8192,32,10368664.0,Veracrypt,read,2
8192,64,11251448.0,Veracrypt,read,2
8192,128,11703682.0,Veracrypt,read,2
8192,256,12189466.0,Veracrypt,read,2
8192,512,11009893.0,Veracrypt,read,2
8192,1024,10202411.0,Veracrypt,read,2
8192,2048,9893942.0,Veracrypt,read,2
8192,4096,7074554.0,Veracrypt,read,2
8192,8192,9939736.0,Veracrypt,read,2
16384,4,6084166.0,Veracrypt,read,2
16384,8,8752060.0,Veracrypt,read,2
16384,16,10958635.0,Veracrypt,read,2
16384,32,9168947.0,Veracrypt,read,2
16384,64,11635919.0,Veracrypt,read,2
16384,128,12458647.0,Veracrypt,read,2
16384,256,12700414.0,Veracrypt,read,2
16384,512,12488079.0,Veracrypt,read,2
16384,1024,8596590.0,Veracrypt,read,2
16384,2048,9935146.0,Veracrypt,read,2
16384,4096,9081702.0,Veracrypt,read,2
16384,8192,9799141.0,Veracrypt,read,2
16384,16384,9087707.0,Veracrypt,read,2
32768,64,7462692.0,Veracrypt,read,2
32768,128,12740214.0,Veracrypt,read,2
32768,256,12681437.0,Veracrypt,read,2
32768,512,12940539.0,Veracrypt,read,2
32768,1024,10796626.0,Veracrypt,read,2
32768,2048,9165770.0,Veracrypt,read,2
32768,4096,8526621.0,Veracrypt,read,2
32768,8192,9887832.0,Veracrypt,read,2
32768,16384,9298475.0,Veracrypt,read,2
65536,64,11680129.0,Veracrypt,read,2
65536,128,12071505.0,Veracrypt,read,2
65536,256,12190353.0,Veracrypt,read,2
65536,512,11318459.0,Veracrypt,read,2
65536,1024,9554720.0,Veracrypt,read,2
65536,2048,9128879.0,Veracrypt,read,2
65536,4096,9633412.0,Veracrypt,read,2
65536,8192,10003997.0,Veracrypt,read,2
65536,16384,7332266.0,Veracrypt,read,2
131072,64,13127930.0,Veracrypt,read,2
131072,128,12651790.0,Veracrypt,read,2
131072,256,13417250.0,Veracrypt,read,2
131072,512,13875782.0,Veracrypt,read,2
131072,1024,9615855.0,Veracrypt,read,2
131072,2048,7875502.0,Veracrypt,read,2
131072,4096,8213548.0,Veracrypt,read,2
131072,8192,8862768.0,Veracrypt,read,2
131072,16384,7127670.0,Veracrypt,read,2
262144,64,11611108.0,Veracrypt,read,2
262144,128,12035487.0,Veracrypt,read,2
262144,256,12957564.0,Veracrypt,read,2
262144,512,12394476.0,Veracrypt,read,2
262144,1024,9272569.0,Veracrypt,read,2
262144,2048,9160092.0,Veracrypt,read,2
262144,4096,8439357.0,Veracrypt,read,2
262144,8192,8551998.0,Veracrypt,read,2
262144,16384,7511104.0,Veracrypt,read,2
524288,64,11922391.0,Veracrypt,read,2
524288,128,13097703.0,Veracrypt,read,2
524288,256,13526556.0,Veracrypt,read,2
524288,512,12615530.0,Veracrypt,read,2
524288,1024,9080463.0,Veracrypt,read,2
524288,2048,9506255.0,Veracrypt,read,2
524288,4096,8148852.0,Veracrypt,read,2
524288,8192,7999508.0,Veracrypt,read,2
524288,16384,8174874.0,Veracrypt,read,2
1048576,64,11854898.0,Veracrypt,read,2
1048576,128,11346992.0,Veracrypt,read,2
1048576,256,711272.0,Veracrypt,read,2
1048576,512,11495011.0,Veracrypt,read,2
1048576,1024,4822103.0,Veracrypt,read,2
1048576,2048,4606409.0,Veracrypt,read,2
1048576,4096,4682669.0,Veracrypt,read,2
1048576,8192,4049118.0,Veracrypt,read,2
1048576,16384,1448663.0,Veracrypt,read,2
64,4,7100397.0,Veracrypt,read,3
64,8,10821524.0,Veracrypt,read,3
64,16,12902017.0,Veracrypt,read,3
64,32,15972885.0,Veracrypt,read,3
64,64,55857768.0,Veracrypt,read,3
128,4,6727225.0,Veracrypt,read,3
128,8,9129573.0,Veracrypt,read,3
128,16,10567140.0,Veracrypt,read,3
128,32,15881078.0,Veracrypt,read,3
128,64,20804356.0,Veracrypt,read,3
128,128,68779377.0,Veracrypt,read,3
256,4,6936061.0,Veracrypt,read,3
256,8,7735574.0,Veracrypt,read,3
256,16,13454450.0,Veracrypt,read,3
256,32,10245071.0,Veracrypt,read,3
256,64,11569783.0,Veracrypt,read,3
256,128,14164395.0,Veracrypt,read,3
256,256,43286099.0,Veracrypt,read,3
512,4,6319739.0,Veracrypt,read,3
512,8,7211022.0,Veracrypt,read,3
512,16,8394979.0,Veracrypt,read,3
512,32,8665997.0,Veracrypt,read,3
512,64,9814569.0,Veracrypt,read,3
512,128,13522711.0,Veracrypt,read,3
512,256,14240069.0,Veracrypt,read,3
512,512,22183443.0,Veracrypt,read,3
1024,4,7644933.0,Veracrypt,read,3
1024,8,10662628.0,Veracrypt,read,3
1024,16,8970167.0,Veracrypt,read,3
1024,32,13686709.0,Veracrypt,read,3
1024,64,9485232.0,Veracrypt,read,3
1024,128,9142007.0,Veracrypt,read,3
1024,256,14230902.0,Veracrypt,read,3
1024,512,13472053.0,Veracrypt,read,3
1024,1024,18608584.0,Veracrypt,read,3
2048,4,6649556.0,Veracrypt,read,3
2048,8,7159438.0,Veracrypt,read,3
2048,16,8221561.0,Veracrypt,read,3
2048,32,8574451.0,Veracrypt,read,3
2048,64,9483197.0,Veracrypt,read,3
2048,128,12050878.0,Veracrypt,read,3
2048,256,9349021.0,Veracrypt,read,3
2048,512,13301113.0,Veracrypt,read,3
2048,1024,14613561.0,Veracrypt,read,3
2048,2048,15262700.0,Veracrypt,read,3
4096,4,5969780.0,Veracrypt,read,3
4096,8,7639552.0,Veracrypt,read,3
4096,16,6769576.0,Veracrypt,read,3
4096,32,9823772.0,Veracrypt,read,3
4096,64,9373535.0,Veracrypt,read,3
4096,128,11601703.0,Veracrypt,read,3
4096,256,10867793.0,Veracrypt,read,3
4096,512,11672647.0,Veracrypt,read,3
4096,1024,9614850.0,Veracrypt,read,3
4096,2048,9373535.0,Veracrypt,read,3
4096,4096,8077780.0,Veracrypt,read,3
8192,4,5859631.0,Veracrypt,read,3
8192,8,8419841.0,Veracrypt,read,3
8192,16,10805609.0,Veracrypt,read,3
8192,32,11442544.0,Veracrypt,read,3
8192,64,11956180.0,Veracrypt,read,3
8192,128,10964221.0,Veracrypt,read,3
8192,256,11084481.0,Veracrypt,read,3
8192,512,9582152.0,Veracrypt,read,3
8192,1024,10638329.0,Veracrypt,read,3
8192,2048,9061576.0,Veracrypt,read,3
8192,4096,8543361.0,Veracrypt,read,3
8192,8192,8895021.0,Veracrypt,read,3
16384,4,6584970.0,Veracrypt,read,3
16384,8,7278984.0,Veracrypt,read,3
16384,16,8663787.0,Veracrypt,read,3
16384,32,8295640.0,Veracrypt,read,3
16384,64,8596590.0,Veracrypt,read,3
16384,128,6616672.0,Veracrypt,read,3
16384,256,8568720.0,Veracrypt,read,3
16384,512,8337915.0,Veracrypt,read,3
16384,1024,9153070.0,Veracrypt,read,3
16384,2048,8441360.0,Veracrypt,read,3
16384,4096,8555918.0,Veracrypt,read,3
16384,8192,7320078.0,Veracrypt,read,3
16384,16384,7827884.0,Veracrypt,read,3
32768,64,11994177.0,Veracrypt,read,3
32768,128,10614845.0,Veracrypt,read,3
32768,256,11795506.0,Veracrypt,read,3
32768,512,12686119.0,Veracrypt,read,3
32768,1024,10608290.0,Veracrypt,read,3
32768,2048,8003756.0,Veracrypt,read,3
32768,4096,7783467.0,Veracrypt,read,3
32768,8192,9550469.0,Veracrypt,read,3
32768,16384,9186601.0,Veracrypt,read,3
65536,64,11585120.0,Veracrypt,read,3
65536,128,13008396.0,Veracrypt,read,3
65536,256,13141485.0,Veracrypt,read,3
65536,512,11505593.0,Veracrypt,read,3
65536,1024,10073287.0,Veracrypt,read,3
65536,2048,9029618.0,Veracrypt,read,3
65536,4096,10687817.0,Veracrypt,read,3
65536,8192,9375800.0,Veracrypt,read,3
65536,16384,7438016.0,Veracrypt,read,3
131072,64,11630168.0,Veracrypt,read,3
131072,128,12593536.0,Veracrypt,read,3
131072,256,12250878.0,Veracrypt,read,3
131072,512,13623394.0,Veracrypt,read,3
131072,1024,10098787.0,Veracrypt,read,3
131072,2048,9376409.0,Veracrypt,read,3
131072,4096,10141822.0,Veracrypt,read,3
131072,8192,7618271.0,Veracrypt,read,3
131072,16384,7602363.0,Veracrypt,read,3
262144,64,12689727.0,Veracrypt,read,3
262144,128,12103852.0,Veracrypt,read,3
262144,256,13809524.0,Veracrypt,read,3
262144,512,14122773.0,Veracrypt,read,3
262144,1024,9387120.0,Veracrypt,read,3
262144,2048,9852801.0,Veracrypt,read,3
262144,4096,8253922.0,Veracrypt,read,3
262144,8192,8324915.0,Veracrypt,read,3
262144,16384,7765636.0,Veracrypt,read,3
524288,64,12551444.0,Veracrypt,read,3
524288,128,12604900.0,Veracrypt,read,3
524288,256,12164972.0,Veracrypt,read,3
524288,512,12659687.0,Veracrypt,read,3
524288,1024,9605707.0,Veracrypt,read,3
524288,2048,7801916.0,Veracrypt,read,3
524288,4096,8850690.0,Veracrypt,read,3
524288,8192,7536868.0,Veracrypt,read,3
524288,16384,7910331.0,Veracrypt,read,3
1048576,64,254384.0,Veracrypt,read,3
1048576,128,255166.0,Veracrypt,read,3
1048576,256,319350.0,Veracrypt,read,3
1048576,512,468720.0,Veracrypt,read,3
1048576,1024,633261.0,Veracrypt,read,3
1048576,2048,718001.0,Veracrypt,read,3
1048576,4096,711120.0,Veracrypt,read,3
1048576,8192,725559.0,Veracrypt,read,3
1048576,16384,743308.0,Veracrypt,read,3
64,4,983980.0,Veracrypt,write,1
64,8,1049372.0,Veracrypt,write,1
64,16,633392.0,Veracrypt,write,1
64,32,10110.0,Veracrypt,write,1
64,64,477808.0,Veracrypt,write,1
128,4,927549.0,Veracrypt,write,1
128,8,1451764.0,Veracrypt,write,1
128,16,1391557.0,Veracrypt,write,1
128,32,59986.0,Veracrypt,write,1
128,64,1727352.0,Veracrypt,write,1
128,128,1521718.0,Veracrypt,write,1
256,4,1158540.0,Veracrypt,write,1
256,8,1814348.0,Veracrypt,write,1
256,16,2607399.0,Veracrypt,write,1
256,32,2872459.0,Veracrypt,write,1
256,64,865358.0,Veracrypt,write,1
256,128,2266207.0,Veracrypt,write,1
256,256,2413957.0,Veracrypt,write,1
512,4,922535.0,Veracrypt,write,1
512,8,2275345.0,Veracrypt,write,1
512,16,643960.0,Veracrypt,write,1
512,32,2958758.0,Veracrypt,write,1
512,64,1861217.0,Veracrypt,write,1
512,128,927315.0,Veracrypt,write,1
512,256,3510074.0,Veracrypt,write,1
512,512,1337324.0,Veracrypt,write,1
1024,4,1506051.0,Veracrypt,write,1
1024,8,1995982.0,Veracrypt,write,1
1024,16,2934110.0,Veracrypt,write,1
1024,32,2910252.0,Veracrypt,write,1
1024,64,2598591.0,Veracrypt,write,1
1024,128,3529706.0,Veracrypt,write,1
1024,256,2111788.0,Veracrypt,write,1
1024,512,3603747.0,Veracrypt,write,1
1024,1024,1189146.0,Veracrypt,write,1
2048,4,1642181.0,Veracrypt,write,1
2048,8,2185842.0,Veracrypt,write,1
2048,16,2642401.0,Veracrypt,write,1
2048,32,3070239.0,Veracrypt,write,1
2048,64,3792790.0,Veracrypt,write,1
2048,128,1706449.0,Veracrypt,write,1
2048,256,4056054.0,Veracrypt,write,1
2048,512,706943.0,Veracrypt,write,1
2048,1024,3402216.0,Veracrypt,write,1
2048,2048,1930406.0,Veracrypt,write,1
4096,4,1507031.0,Veracrypt,write,1
4096,8,2340643.0,Veracrypt,write,1
4096,16,717328.0,Veracrypt,write,1
4096,32,3567392.0,Veracrypt,write,1
4096,64,3421735.0,Veracrypt,write,1
4096,128,3598778.0,Veracrypt,write,1
4096,256,2418063.0,Veracrypt,write,1
4096,512,4067390.0,Veracrypt,write,1
4096,1024,1140624.0,Veracrypt,write,1
4096,2048,2399488.0,Veracrypt,write,1
4096,4096,336097.0,Veracrypt,write,1
8192,4,1718089.0,Veracrypt,write,1
8192,8,2190359.0,Veracrypt,write,1
8192,16,1765223.0,Veracrypt,write,1
8192,32,2658022.0,Veracrypt,write,1
8192,64,3813593.0,Veracrypt,write,1
8192,128,3241544.0,Veracrypt,write,1
8192,256,4246763.0,Veracrypt,write,1
8192,512,3899284.0,Veracrypt,write,1
8192,1024,1607262.0,Veracrypt,write,1
8192,2048,3957216.0,Veracrypt,write,1
8192,4096,2826611.0,Veracrypt,write,1
8192,8192,1247457.0,Veracrypt,write,1
16384,4,1436689.0,Veracrypt,write,1
16384,8,2598993.0,Veracrypt,write,1
16384,16,2497545.0,Veracrypt,write,1
16384,32,3086600.0,Veracrypt,write,1
16384,64,2920032.0,Veracrypt,write,1
16384,128,4230243.0,Veracrypt,write,1
16384,256,3444100.0,Veracrypt,write,1
16384,512,932917.0,Veracrypt,write,1
16384,1024,1202844.0,Veracrypt,write,1
16384,2048,3220097.0,Veracrypt,write,1
16384,4096,1295376.0,Veracrypt,write,1
16384,8192,1875899.0,Veracrypt,write,1
16384,16384,791199.0,Veracrypt,write,1
32768,64,1841313.0,Veracrypt,write,1
32768,128,4083783.0,Veracrypt,write,1
32768,256,2669038.0,Veracrypt,write,1
32768,512,3553248.0,Veracrypt,write,1
32768,1024,1506579.0,Veracrypt,write,1
32768,2048,1502002.0,Veracrypt,write,1
32768,4096,3345005.0,Veracrypt,write,1
32768,8192,2269249.0,Veracrypt,write,1
32768,16384,1527425.0,Veracrypt,write,1
65536,64,1786652.0,Veracrypt,write,1
65536,128,2308350.0,Veracrypt,write,1
65536,256,2574587.0,Veracrypt,write,1
65536,512,2139813.0,Veracrypt,write,1
65536,1024,1910230.0,Veracrypt,write,1
65536,2048,1826275.0,Veracrypt,write,1
65536,4096,2201633.0,Veracrypt,write,1
65536,8192,1521261.0,Veracrypt,write,1
65536,16384,1756668.0,Veracrypt,write,1
131072,64,1578063.0,Veracrypt,write,1
131072,128,1808616.0,Veracrypt,write,1
131072,256,2195363.0,Veracrypt,write,1
131072,512,1742309.0,Veracrypt,write,1
131072,1024,1578153.0,Veracrypt,write,1
131072,2048,2209089.0,Veracrypt,write,1
131072,4096,1726019.0,Veracrypt,write,1
131072,8192,1722795.0,Veracrypt,write,1
131072,16384,1685577.0,Veracrypt,write,1
262144,64,1029950.0,Veracrypt,write,1
262144,128,909205.0,Veracrypt,write,1
262144,256,1159611.0,Veracrypt,write,1
262144,512,1084184.0,Veracrypt,write,1
262144,1024,998635.0,Veracrypt,write,1
262144,2048,1074268.0,Veracrypt,write,1
262144,4096,413872.0,Veracrypt,write,1
262144,8192,993560.0,Veracrypt,write,1
262144,16384,993895.0,Veracrypt,write,1
524288,64,803448.0,Veracrypt,write,1
524288,128,204346.0,Veracrypt,write,1
524288,256,849138.0,Veracrypt,write,1
524288,512,819585.0,Veracrypt,write,1
524288,1024,48304.0,Veracrypt,write,1
524288,2048,817794.0,Veracrypt,write,1
524288,4096,754704.0,Veracrypt,write,1
524288,8192,512722.0,Veracrypt,write,1
524288,16384,47594.0,Veracrypt,write,1
1048576,64,691655.0,Veracrypt,write,1
1048576,128,66325.0,Veracrypt,write,1
1048576,256,63401.0,Veracrypt,write,1
1048576,512,700226.0,Veracrypt,write,1
1048576,1024,708581.0,Veracrypt,write,1
1048576,2048,146657.0,Veracrypt,write,1
1048576,4096,223280.0,Veracrypt,write,1
1048576,8192,680932.0,Veracrypt,write,1
1048576,16384,451489.0,Veracrypt,write,1
64,4,429630.0,Veracrypt,write,2
64,8,1460430.0,Veracrypt,write,2
64,16,889431.0,Veracrypt,write,2
64,32,598110.0,Veracrypt,write,2
64,64,1049372.0,Veracrypt,write,2
128,4,1319723.0,Veracrypt,write,2
128,8,1710838.0,Veracrypt,write,2
128,16,847059.0,Veracrypt,write,2
128,32,2132084.0,Veracrypt,write,2
128,64,1878447.0,Veracrypt,write,2
128,128,2175277.0,Veracrypt,write,2
256,4,1376935.0,Veracrypt,write,2
256,8,1985448.0,Veracrypt,write,2
256,16,2613746.0,Veracrypt,write,2
256,32,2170027.0,Veracrypt,write,2
256,64,2747508.0,Veracrypt,write,2
256,128,2975955.0,Veracrypt,write,2
256,256,2975955.0,Veracrypt,write,2
512,4,1795846.0,Veracrypt,write,2
512,8,2275345.0,Veracrypt,write,2
512,16,2572435.0,Veracrypt,write,2
512,32,2926501.0,Veracrypt,write,2
512,64,2975154.0,Veracrypt,write,2
512,128,2370799.0,Veracrypt,write,2
512,256,2613128.0,Veracrypt,write,2
512,512,2597325.0,Veracrypt,write,2
1024,4,1741810.0,Veracrypt,write,2
1024,8,2672984.0,Veracrypt,write,2
1024,16,2852271.0,Veracrypt,write,2
1024,32,3495237.0,Veracrypt,write,2
1024,64,2484355.0,Veracrypt,write,2
1024,128,3821805.0,Veracrypt,write,2
1024,256,3655895.0,Veracrypt,write,2
1024,512,3709575.0,Veracrypt,write,2
1024,1024,2311849.0,Veracrypt,write,2
2048,4,1712573.0,Veracrypt,write,2
2048,8,2774700.0,Veracrypt,write,2
2048,16,3396834.0,Veracrypt,write,2
2048,32,3304067.0,Veracrypt,write,2
2048,64,3423913.0,Veracrypt,write,2
2048,128,4046500.0,Veracrypt,write,2
2048,256,4048407.0,Veracrypt,write,2
2048,512,4104506.0,Veracrypt,write,2
2048,1024,2960203.0,Veracrypt,write,2
2048,2048,1732608.0,Veracrypt,write,2
4096,4,1882352.0,Veracrypt,write,2
4096,8,2822940.0,Veracrypt,write,2
4096,16,2844440.0,Veracrypt,write,2
4096,32,3489144.0,Veracrypt,write,2
4096,64,3980686.0,Veracrypt,write,2
4096,128,3881749.0,Veracrypt,write,2
4096,256,3744681.0,Veracrypt,write,2
4096,512,4171080.0,Veracrypt,write,2
4096,1024,3382659.0,Veracrypt,write,2
4096,2048,3984379.0,Veracrypt,write,2
4096,4096,483588.0,Veracrypt,write,2
8192,4,2039298.0,Veracrypt,write,2
8192,8,1864357.0,Veracrypt,write,2
8192,16,3293747.0,Veracrypt,write,2
8192,32,4000060.0,Veracrypt,write,2
8192,64,3913942.0,Veracrypt,write,2
8192,128,4309076.0,Veracrypt,write,2
8192,256,4331893.0,Veracrypt,write,2
8192,512,2196239.0,Veracrypt,write,2
8192,1024,3975070.0,Veracrypt,write,2
8192,2048,3995873.0,Veracrypt,write,2
8192,4096,2789210.0,Veracrypt,write,2
8192,8192,3073925.0,Veracrypt,write,2
16384,4,1833506.0,Veracrypt,write,2
16384,8,2436272.0,Veracrypt,write,2
16384,16,2800212.0,Veracrypt,write,2
16384,32,3619137.0,Veracrypt,write,2
16384,64,4041417.0,Veracrypt,write,2
16384,128,4046653.0,Veracrypt,write,2
16384,256,4411370.0,Veracrypt,write,2
16384,512,2488861.0,Veracrypt,write,2
16384,1024,4031459.0,Veracrypt,write,2
16384,2048,3945131.0,Veracrypt,write,2
16384,4096,3798795.0,Veracrypt,write,2
16384,8192,2948852.0,Veracrypt,write,2
16384,16384,909820.0,Veracrypt,write,2
32768,64,2464132.0,Veracrypt,write,2
32768,128,1568672.0,Veracrypt,write,2
32768,256,3026502.0,Veracrypt,write,2
32768,512,3462740.0,Veracrypt,write,2
32768,1024,2032765.0,Veracrypt,write,2
32768,2048,1572063.0,Veracrypt,write,2
32768,4096,3378139.0,Veracrypt,write,2
32768,8192,2967302.0,Veracrypt,write,2
32768,16384,1470866.0,Veracrypt,write,2
65536,64,3347238.0,Veracrypt,write,2
65536,128,2319629.0,Veracrypt,write,2
65536,256,2112222.0,Veracrypt,write,2
65536,512,2998532.0,Veracrypt,write,2
65536,1024,3867118.0,Veracrypt,write,2
65536,2048,2276972.0,Veracrypt,write,2
65536,4096,2097219.0,Veracrypt,write,2
65536,8192,1917880.0,Veracrypt,write,2
65536,16384,1762435.0,Veracrypt,write,2
131072,64,2566508.0,Veracrypt,write,2
131072,128,1990427.0,Veracrypt,write,2
131072,256,2590257.0,Veracrypt,write,2
131072,512,2391045.0,Veracrypt,write,2
131072,1024,3516168.0,Veracrypt,write,2
131072,2048,2595945.0,Veracrypt,write,2
131072,4096,2046945.0,Veracrypt,write,2
131072,8192,2138654.0,Veracrypt,write,2
131072,16384,1995065.0,Veracrypt,write,2
262144,64,1374180.0,Veracrypt,write,2
262144,128,1514153.0,Veracrypt,write,2
262144,256,1350728.0,Veracrypt,write,2
262144,512,1361403.0,Veracrypt,write,2
262144,1024,1297356.0,Veracrypt,write,2
262144,2048,1318751.0,Veracrypt,write,2
262144,4096,1682180.0,Veracrypt,write,2
262144,8192,1248744.0,Veracrypt,write,2
262144,16384,636664.0,Veracrypt,write,2
524288,64,791043.0,Veracrypt,write,2
524288,128,981213.0,Veracrypt,write,2
524288,256,896336.0,Veracrypt,write,2
524288,512,251618.0,Veracrypt,write,2
524288,1024,939804.0,Veracrypt,write,2
524288,2048,397277.0,Veracrypt,write,2
524288,4096,144217.0,Veracrypt,write,2
524288,8192,870321.0,Veracrypt,write,2
524288,16384,207128.0,Veracrypt,write,2
1048576,64,106413.0,Veracrypt,write,2
1048576,128,278729.0,Veracrypt,write,2
1048576,256,797059.0,Veracrypt,write,2
1048576,512,68454.0,Veracrypt,write,2
1048576,1024,777383.0,Veracrypt,write,2
1048576,2048,758934.0,Veracrypt,write,2
1048576,4096,740472.0,Veracrypt,write,2
1048576,8192,57106.0,Veracrypt,write,2
1048576,16384,744233.0,Veracrypt,write,2
64,4,987600.0,Veracrypt,write,3
64,8,1330167.0,Veracrypt,write,3
64,16,1363961.0,Veracrypt,write,3
64,32,763021.0,Veracrypt,write,3
64,64,1255511.0,Veracrypt,write,3
128,4,1436229.0,Veracrypt,write,3
128,8,1710838.0,Veracrypt,write,3
128,16,962469.0,Veracrypt,write,3
128,32,1622919.0,Veracrypt,write,3
128,64,2420455.0,Veracrypt,write,3
128,128,2098744.0,Veracrypt,write,3
256,4,1619994.0,Veracrypt,write,3
256,8,2210228.0,Veracrypt,write,3
256,16,2114473.0,Veracrypt,write,3
256,32,2613746.0,Veracrypt,write,3
256,64,2665657.0,Veracrypt,write,3
256,128,2812272.0,Veracrypt,write,3
256,256,2872459.0,Veracrypt,write,3
512,4,1854787.0,Veracrypt,write,3
512,8,2471765.0,Veracrypt,write,3
512,16,2826358.0,Veracrypt,write,3
512,32,3068685.0,Veracrypt,write,3
512,64,2275345.0,Veracrypt,write,3
512,128,3008498.0,Veracrypt,write,3
512,256,3239989.0,Veracrypt,write,3
512,512,3158966.0,Veracrypt,write,3
1024,4,1932227.0,Veracrypt,write,3
1024,8,2455943.0,Veracrypt,write,3
1024,16,2659742.0,Veracrypt,write,3
1024,32,2578312.0,Veracrypt,write,3
1024,64,3877004.0,Veracrypt,write,3
1024,128,3631168.0,Veracrypt,write,3
1024,256,3556008.0,Veracrypt,write,3
1024,512,3304314.0,Veracrypt,write,3
1024,1024,3151562.0,Veracrypt,write,3
2048,4,1573015.0,Veracrypt,write,3
2048,8,2592948.0,Veracrypt,write,3
2048,16,3097921.0,Veracrypt,write,3
2048,32,3043048.0,Veracrypt,write,3
2048,64,4096676.0,Veracrypt,write,3
2048,128,3821475.0,Veracrypt,write,3
2048,256,3931669.0,Veracrypt,write,3
2048,512,3003677.0,Veracrypt,write,3
2048,1024,3314266.0,Veracrypt,write,3
2048,2048,3165272.0,Veracrypt,write,3
4096,4,2095155.0,Veracrypt,write,3
4096,8,2745350.0,Veracrypt,write,3
4096,16,2470215.0,Veracrypt,write,3
4096,32,3543113.0,Veracrypt,write,3
4096,64,3677350.0,Veracrypt,write,3
4096,128,4141917.0,Veracrypt,write,3
4096,256,1292126.0,Veracrypt,write,3
4096,512,3614679.0,Veracrypt,write,3
4096,1024,3436107.0,Veracrypt,write,3
4096,2048,3290024.0,Veracrypt,write,3
4096,4096,1106108.0,Veracrypt,write,3
8192,4,1706315.0,Veracrypt,write,3
8192,8,2766527.0,Veracrypt,write,3
8192,16,3200182.0,Veracrypt,write,3
8192,32,3683582.0,Veracrypt,write,3
8192,64,3893540.0,Veracrypt,write,3
8192,128,3799676.0,Veracrypt,write,3
8192,256,4311780.0,Veracrypt,write,3
8192,512,4114541.0,Veracrypt,write,3
8192,1024,3126794.0,Veracrypt,write,3
8192,2048,3851208.0,Veracrypt,write,3
8192,4096,3071726.0,Veracrypt,write,3
8192,8192,2559231.0,Veracrypt,write,3
16384,4,1794532.0,Veracrypt,write,3
16384,8,2621099.0,Veracrypt,write,3
16384,16,2760172.0,Veracrypt,write,3
16384,32,3593775.0,Veracrypt,write,3
16384,64,3834191.0,Veracrypt,write,3
16384,128,3594527.0,Veracrypt,write,3
16384,256,3992114.0,Veracrypt,write,3
16384,512,3961277.0,Veracrypt,write,3
16384,1024,3378737.0,Veracrypt,write,3
16384,2048,1273814.0,Veracrypt,write,3
16384,4096,3690071.0,Veracrypt,write,3
16384,8192,3355311.0,Veracrypt,write,3
16384,16384,1786508.0,Veracrypt,write,3
32768,64,1556538.0,Veracrypt,write,3
32768,128,4067106.0,Veracrypt,write,3
32768,256,4130048.0,Veracrypt,write,3
32768,512,3889839.0,Veracrypt,write,3
32768,1024,4138505.0,Veracrypt,write,3
32768,2048,3490707.0,Veracrypt,write,3
32768,4096,2674283.0,Veracrypt,write,3
32768,8192,1492979.0,Veracrypt,write,3
32768,16384,3344029.0,Veracrypt,write,3
65536,64,2256671.0,Veracrypt,write,3
65536,128,4008555.0,Veracrypt,write,3
65536,256,2238113.0,Veracrypt,write,3
65536,512,3374316.0,Veracrypt,write,3
65536,1024,2228496.0,Veracrypt,write,3
65536,2048,2195513.0,Veracrypt,write,3
65536,4096,2249303.0,Veracrypt,write,3
65536,8192,3510627.0,Veracrypt,write,3
65536,16384,1801925.0,Veracrypt,write,3
131072,64,1542876.0,Veracrypt,write,3
131072,128,1558451.0,Veracrypt,write,3
131072,256,1936791.0,Veracrypt,write,3
131072,512,1685551.0,Veracrypt,write,3
131072,1024,2202672.0,Veracrypt,write,3
131072,2048,1999811.0,Veracrypt,write,3
131072,4096,3091245.0,Veracrypt,write,3
131072,8192,1984314.0,Veracrypt,write,3
131072,16384,1849026.0,Veracrypt,write,3
262144,64,984781.0,Veracrypt,write,3
262144,128,1043828.0,Veracrypt,write,3
262144,256,1000737.0,Veracrypt,write,3
262144,512,1088127.0,Veracrypt,write,3
262144,1024,1008478.0,Veracrypt,write,3
262144,2048,1020508.0,Veracrypt,write,3
262144,4096,1043770.0,Veracrypt,write,3
262144,8192,1113029.0,Veracrypt,write,3
262144,16384,950981.0,Veracrypt,write,3
524288,64,51064.0,Veracrypt,write,3
524288,128,138059.0,Veracrypt,write,3
524288,256,848837.0,Veracrypt,write,3
524288,512,853390.0,Veracrypt,write,3
524288,1024,152523.0,Veracrypt,write,3
524288,2048,824777.0,Veracrypt,write,3
524288,4096,825169.0,Veracrypt,write,3
524288,8192,788208.0,Veracrypt,write,3
524288,16384,54519.0,Veracrypt,write,3
1048576,64,697310.0,Veracrypt,write,3
1048576,128,79223.0,Veracrypt,write,3
1048576,256,90772.0,Veracrypt,write,3
1048576,512,695042.0,Veracrypt,write,3
1048576,1024,704481.0,Veracrypt,write,3
1048576,2048,92201.0,Veracrypt,write,3
1048576,4096,61320.0,Veracrypt,write,3
1048576,8192,66489.0,Veracrypt,write,3
1048576,16384,110827.0,Veracrypt,write,3
